,DYN-HUMAN,DYN-RANDOM,LINRS,NRS,STATIC-HUMAN,STATIC-RANDOM,AC,DYN-HUMAN-P0,DYN-HUMAN-P1,DYN-HUMAN-P2,DYN-HUMAN-P3,DYN-HUMAN-P4,DYN-HUMAN-P5,DYN-HUMAN-P6,DYN-HUMAN-P7,DYN-HUMAN-P8,DYN-HUMAN-P9,STATIC-HUMAN-P0,STATIC-HUMAN-P1,STATIC-HUMAN-P2,STATIC-HUMAN-P3,STATIC-HUMAN-P4,STATIC-HUMAN-P5,STATIC-HUMAN-P6,STATIC-HUMAN-P7,STATIC-HUMAN-P8,STATIC-HUMAN-P9,STATIC-1,STATIC-10,STATIC-100,STATIC-1000,STATIC-10000
0,18,52,250.0,125,32.0,31.0,29.0,40.0,43.0,59.0,90.0,43.0,42.0,10.0,100.0,18.0,53.0,42.0,21.0,42.0,43.0,59.0,32.0,14.0,77.0,33.0,19.0,224.0,99.0,68.0,42.0,113.0
1,10,22,22.0,209,42.0,53.0,85.0,63.0,46.0,14.0,62.0,24.0,24.0,250.0,40.0,50.0,74.0,48.0,57.0,12.0,19.0,80.0,23.0,250.0,23.0,34.0,55.0,85.0,250.0,34.0,48.0,20.0
2,90,62,61.0,192,21.0,61.0,67.0,39.0,14.0,20.0,15.0,19.0,120.0,250.0,50.0,59.0,28.0,45.0,11.0,34.0,140.0,31.0,69.0,32.0,19.0,73.0,89.0,34.0,31.0,115.0,45.0,250.0
3,62,60,20.0,53,57.0,45.0,39.0,103.0,52.0,24.0,62.0,23.0,14.0,36.0,129.0,93.0,10.0,39.0,21.0,64.0,79.0,10.0,83.0,45.0,100.0,31.0,47.0,50.0,93.0,125.0,39.0,250.0
4,59,29,61.0,91,23.0,9.0,28.0,19.0,50.0,66.0,57.0,66.0,28.0,31.0,25.0,59.0,23.0,51.0,11.0,61.0,92.0,28.0,23.0,79.0,51.0,18.0,42.0,39.0,14.0,34.0,51.0,46.0
5,250,43,124.0,47,19.0,119.0,250.0,48.0,53.0,9.0,31.0,61.0,74.0,34.0,8.0,87.0,20.0,24.0,51.0,113.0,52.0,39.0,65.0,15.0,75.0,83.0,99.0,191.0,40.0,68.0,24.0,18.0
6,14,43,162.0,161,33.0,51.0,22.0,53.0,75.0,18.0,26.0,19.0,117.0,122.0,17.0,80.0,60.0,11.0,87.0,99.0,148.0,14.0,16.0,69.0,70.0,39.0,19.0,250.0,8.0,25.0,11.0,44.0
7,15,19,13.0,48,69.0,61.0,250.0,66.0,17.0,63.0,14.0,19.0,39.0,76.0,160.0,37.0,69.0,119.0,216.0,47.0,33.0,133.0,19.0,40.0,41.0,30.0,63.0,164.0,27.0,15.0,119.0,37.0
8,40,121,142.0,209,83.0,104.0,31.0,73.0,20.0,42.0,250.0,11.0,46.0,87.0,6.0,20.0,67.0,40.0,19.0,39.0,34.0,40.0,91.0,24.0,32.0,52.0,11.0,250.0,43.0,1.0,40.0,16.0
9,100,81,47.0,174,23.0,32.0,228.0,127.0,50.0,110.0,119.0,65.0,168.0,49.0,250.0,83.0,45.0,64.0,10.0,105.0,40.0,89.0,21.0,9.0,16.0,24.0,63.0,14.0,28.0,84.0,64.0,47.0
10,250,153,133.0,21,34.0,25.0,53.0,57.0,58.0,31.0,50.0,57.0,75.0,45.0,49.0,31.0,9.0,45.0,176.0,55.0,19.0,138.0,250.0,22.0,11.0,55.0,19.0,13.0,14.0,250.0,45.0,250.0
11,63,45,80.0,119,12.0,95.0,37.0,28.0,59.0,19.0,37.0,37.0,150.0,109.0,93.0,24.0,34.0,85.0,64.0,54.0,28.0,29.0,40.0,53.0,51.0,59.0,49.0,53.0,38.0,48.0,85.0,250.0
12,42,94,250.0,25,65.0,96.0,34.0,29.0,34.0,52.0,28.0,43.0,40.0,19.0,32.0,13.0,36.0,73.0,66.0,18.0,94.0,77.0,59.0,228.0,16.0,76.0,74.0,104.0,25.0,59.0,73.0,69.0
13,43,135,33.0,20,42.0,50.0,114.0,250.0,84.0,151.0,13.0,37.0,51.0,153.0,20.0,81.0,63.0,118.0,33.0,68.0,21.0,84.0,16.0,13.0,135.0,92.0,250.0,115.0,86.0,100.0,118.0,250.0
14,20,250,40.0,191,11.0,51.0,88.0,32.0,55.0,20.0,44.0,31.0,27.0,107.0,131.0,89.0,51.0,57.0,43.0,24.0,22.0,30.0,9.0,43.0,24.0,60.0,18.0,88.0,250.0,31.0,57.0,144.0
15,36,75,37.0,200,21.0,66.0,50.0,51.0,61.0,57.0,61.0,139.0,25.0,74.0,50.0,26.0,44.0,51.0,6.0,27.0,64.0,41.0,44.0,250.0,65.0,66.0,43.0,80.0,120.0,8.0,51.0,250.0
16,24,34,77.0,72,34.0,36.0,250.0,22.0,44.0,70.0,35.0,46.0,37.0,41.0,56.0,21.0,58.0,59.0,62.0,46.0,138.0,9.0,30.0,24.0,32.0,40.0,56.0,65.0,57.0,21.0,59.0,19.0
17,50,59,28.0,243,64.0,87.0,45.0,82.0,37.0,47.0,62.0,54.0,106.0,12.0,27.0,28.0,8.0,86.0,250.0,33.0,73.0,26.0,73.0,21.0,42.0,30.0,21.0,250.0,48.0,250.0,86.0,250.0
18,31,27,230.0,25,48.0,22.0,99.0,41.0,32.0,11.0,49.0,49.0,100.0,64.0,17.0,145.0,72.0,79.0,68.0,135.0,128.0,21.0,64.0,33.0,20.0,54.0,49.0,250.0,250.0,41.0,79.0,150.0
19,24,24,181.0,250,55.0,12.0,24.0,60.0,38.0,18.0,57.0,17.0,61.0,39.0,234.0,72.0,41.0,86.0,158.0,250.0,13.0,68.0,67.0,21.0,68.0,51.0,25.0,76.0,107.0,114.0,86.0,20.0
20,34,73,98.0,114,14.0,250.0,42.0,45.0,33.0,142.0,68.0,177.0,38.0,12.0,88.0,70.0,22.0,106.0,250.0,44.0,64.0,18.0,31.0,87.0,27.0,20.0,99.0,75.0,30.0,50.0,106.0,11.0
21,43,148,250.0,250,61.0,250.0,250.0,44.0,11.0,19.0,106.0,25.0,250.0,71.0,51.0,82.0,17.0,50.0,49.0,147.0,19.0,38.0,38.0,30.0,99.0,36.0,38.0,46.0,65.0,38.0,50.0,44.0
22,24,26,23.0,160,45.0,250.0,111.0,19.0,37.0,250.0,101.0,54.0,70.0,40.0,93.0,68.0,57.0,34.0,42.0,47.0,41.0,71.0,250.0,1.0,54.0,102.0,63.0,250.0,250.0,250.0,34.0,32.0
23,40,27,17.0,20,77.0,107.0,154.0,64.0,52.0,116.0,35.0,63.0,63.0,37.0,122.0,44.0,10.0,15.0,58.0,50.0,24.0,30.0,57.0,71.0,106.0,29.0,250.0,39.0,20.0,18.0,15.0,45.0
24,62,97,16.0,46,73.0,41.0,29.0,77.0,20.0,20.0,57.0,45.0,92.0,20.0,23.0,55.0,76.0,57.0,93.0,17.0,94.0,48.0,68.0,28.0,79.0,27.0,44.0,185.0,60.0,105.0,57.0,175.0
25,122,18,149.0,11,89.0,26.0,24.0,61.0,16.0,51.0,192.0,36.0,54.0,14.0,64.0,38.0,23.0,24.0,104.0,39.0,43.0,39.0,86.0,22.0,54.0,30.0,22.0,55.0,63.0,18.0,24.0,74.0
26,59,149,43.0,210,16.0,11.0,20.0,135.0,15.0,12.0,38.0,22.0,117.0,50.0,115.0,110.0,50.0,50.0,34.0,250.0,22.0,51.0,59.0,56.0,52.0,26.0,186.0,18.0,250.0,46.0,50.0,11.0
27,93,114,95.0,49,11.0,49.0,22.0,98.0,27.0,159.0,12.0,90.0,46.0,34.0,250.0,43.0,82.0,61.0,66.0,85.0,67.0,38.0,65.0,35.0,1.0,19.0,47.0,250.0,15.0,21.0,61.0,85.0
28,50,31,171.0,62,43.0,36.0,14.0,29.0,31.0,84.0,21.0,89.0,89.0,250.0,8.0,59.0,109.0,18.0,250.0,1.0,128.0,25.0,16.0,21.0,23.0,55.0,40.0,250.0,211.0,11.0,18.0,19.0
29,53,40,95.0,48,113.0,34.0,20.0,35.0,33.0,32.0,71.0,29.0,19.0,32.0,102.0,37.0,16.0,250.0,42.0,250.0,85.0,81.0,34.0,250.0,177.0,136.0,38.0,60.0,250.0,66.0,250.0,37.0
30,46,28,86.0,182,59.0,19.0,42.0,8.0,17.0,57.0,25.0,114.0,28.0,46.0,21.0,43.0,47.0,13.0,12.0,102.0,10.0,62.0,8.0,55.0,34.0,28.0,24.0,80.0,123.0,14.0,13.0,250.0
31,74,12,37.0,92,80.0,17.0,105.0,57.0,46.0,27.0,42.0,65.0,40.0,136.0,34.0,52.0,55.0,250.0,122.0,20.0,49.0,82.0,49.0,49.0,84.0,21.0,100.0,250.0,250.0,30.0,250.0,16.0
32,28,82,250.0,250,19.0,24.0,67.0,28.0,71.0,61.0,74.0,18.0,20.0,37.0,18.0,40.0,49.0,63.0,51.0,59.0,14.0,106.0,52.0,76.0,10.0,60.0,44.0,161.0,28.0,38.0,63.0,250.0
33,59,44,18.0,21,31.0,71.0,111.0,21.0,60.0,37.0,24.0,42.0,28.0,38.0,59.0,24.0,81.0,48.0,38.0,67.0,33.0,180.0,86.0,33.0,81.0,45.0,39.0,94.0,64.0,250.0,48.0,59.0
34,87,31,44.0,167,39.0,40.0,250.0,46.0,131.0,32.0,16.0,25.0,17.0,52.0,250.0,23.0,41.0,250.0,50.0,73.0,98.0,37.0,76.0,49.0,58.0,67.0,22.0,13.0,250.0,23.0,250.0,58.0
35,76,160,24.0,37,140.0,63.0,86.0,17.0,7.0,37.0,55.0,56.0,37.0,16.0,30.0,28.0,7.0,36.0,250.0,137.0,34.0,59.0,51.0,24.0,23.0,143.0,35.0,102.0,20.0,34.0,36.0,74.0
36,14,12,19.0,250,19.0,21.0,250.0,19.0,19.0,10.0,23.0,55.0,41.0,250.0,67.0,2.0,50.0,69.0,82.0,29.0,26.0,51.0,49.0,56.0,123.0,38.0,48.0,209.0,28.0,22.0,69.0,14.0
37,80,67,42.0,45,31.0,89.0,250.0,48.0,89.0,35.0,108.0,38.0,213.0,79.0,40.0,38.0,8.0,49.0,28.0,56.0,211.0,33.0,37.0,75.0,37.0,49.0,56.0,111.0,250.0,169.0,49.0,44.0
38,57,39,250.0,141,47.0,29.0,10.0,6.0,55.0,46.0,68.0,27.0,21.0,55.0,39.0,29.0,36.0,65.0,106.0,54.0,41.0,26.0,36.0,49.0,19.0,26.0,172.0,46.0,26.0,29.0,65.0,26.0
39,31,30,250.0,78,23.0,89.0,24.0,46.0,62.0,14.0,53.0,48.0,74.0,58.0,36.0,127.0,49.0,27.0,19.0,38.0,159.0,19.0,8.0,66.0,26.0,104.0,180.0,186.0,21.0,36.0,27.0,70.0
40,120,250,42.0,35,18.0,41.0,190.0,10.0,13.0,37.0,30.0,24.0,34.0,21.0,81.0,41.0,74.0,100.0,61.0,30.0,95.0,22.0,67.0,48.0,86.0,49.0,41.0,102.0,188.0,126.0,100.0,95.0
41,52,18,76.0,80,83.0,34.0,20.0,73.0,34.0,51.0,47.0,17.0,78.0,67.0,14.0,17.0,42.0,13.0,123.0,124.0,47.0,141.0,158.0,20.0,38.0,98.0,29.0,250.0,205.0,29.0,13.0,250.0
42,87,13,227.0,175,250.0,237.0,190.0,27.0,29.0,47.0,67.0,80.0,77.0,34.0,161.0,27.0,15.0,22.0,54.0,49.0,141.0,128.0,32.0,49.0,57.0,23.0,137.0,27.0,17.0,175.0,22.0,55.0
43,37,41,141.0,203,99.0,47.0,153.0,53.0,104.0,30.0,36.0,42.0,47.0,55.0,45.0,40.0,85.0,84.0,11.0,27.0,26.0,37.0,71.0,83.0,17.0,25.0,54.0,90.0,195.0,93.0,84.0,11.0
44,50,37,27.0,18,47.0,22.0,52.0,29.0,51.0,75.0,35.0,21.0,29.0,26.0,36.0,17.0,36.0,8.0,24.0,60.0,63.0,17.0,23.0,17.0,22.0,46.0,62.0,250.0,69.0,33.0,8.0,55.0
45,10,62,13.0,205,10.0,28.0,77.0,41.0,22.0,81.0,39.0,9.0,68.0,52.0,250.0,20.0,39.0,250.0,56.0,47.0,39.0,58.0,26.0,75.0,45.0,47.0,15.0,2.0,42.0,22.0,250.0,250.0
46,14,68,194.0,23,39.0,27.0,69.0,55.0,34.0,26.0,37.0,28.0,112.0,18.0,85.0,56.0,94.0,13.0,10.0,33.0,6.0,74.0,51.0,52.0,65.0,250.0,155.0,14.0,7.0,11.0,13.0,10.0
47,20,58,176.0,31,105.0,96.0,250.0,62.0,89.0,13.0,46.0,250.0,80.0,22.0,63.0,164.0,37.0,27.0,25.0,65.0,129.0,43.0,46.0,8.0,61.0,80.0,93.0,123.0,33.0,37.0,27.0,236.0
48,28,32,51.0,238,51.0,65.0,78.0,37.0,15.0,38.0,43.0,34.0,12.0,71.0,89.0,17.0,98.0,30.0,23.0,94.0,60.0,95.0,91.0,45.0,14.0,29.0,27.0,119.0,50.0,126.0,30.0,127.0
49,74,27,18.0,250,55.0,19.0,39.0,40.0,24.0,49.0,95.0,24.0,38.0,53.0,104.0,24.0,186.0,102.0,27.0,250.0,23.0,37.0,113.0,30.0,42.0,82.0,20.0,88.0,23.0,24.0,102.0,13.0
50,19,63,36.0,250,28.0,180.0,99.0,50.0,24.0,27.0,36.0,74.0,66.0,115.0,30.0,35.0,86.0,57.0,51.0,19.0,93.0,8.0,34.0,50.0,31.0,10.0,36.0,250.0,128.0,55.0,57.0,250.0
51,83,66,28.0,11,54.0,24.0,86.0,8.0,17.0,24.0,36.0,33.0,132.0,21.0,21.0,55.0,15.0,229.0,32.0,250.0,30.0,29.0,38.0,56.0,80.0,64.0,30.0,65.0,250.0,15.0,229.0,125.0
52,39,15,18.0,33,51.0,250.0,14.0,48.0,30.0,113.0,33.0,250.0,130.0,44.0,86.0,78.0,87.0,46.0,26.0,34.0,22.0,46.0,36.0,79.0,24.0,36.0,60.0,102.0,33.0,237.0,46.0,32.0
53,117,35,142.0,34,32.0,20.0,67.0,72.0,250.0,31.0,37.0,37.0,28.0,71.0,45.0,110.0,76.0,53.0,88.0,28.0,7.0,100.0,38.0,51.0,29.0,13.0,47.0,250.0,19.0,22.0,53.0,35.0
54,53,84,250.0,39,91.0,25.0,87.0,45.0,52.0,73.0,47.0,156.0,134.0,22.0,54.0,71.0,65.0,73.0,40.0,250.0,57.0,66.0,34.0,33.0,33.0,36.0,30.0,159.0,63.0,12.0,73.0,152.0
55,66,109,250.0,250,19.0,32.0,30.0,69.0,77.0,33.0,12.0,10.0,96.0,134.0,67.0,27.0,16.0,29.0,74.0,20.0,25.0,44.0,38.0,87.0,36.0,20.0,24.0,62.0,46.0,44.0,29.0,21.0
56,23,28,50.0,201,42.0,59.0,79.0,78.0,60.0,26.0,90.0,70.0,66.0,91.0,22.0,44.0,51.0,82.0,23.0,21.0,22.0,21.0,154.0,43.0,18.0,12.0,250.0,250.0,153.0,20.0,82.0,13.0
57,103,33,73.0,112,87.0,82.0,37.0,40.0,34.0,250.0,68.0,36.0,33.0,71.0,33.0,250.0,32.0,41.0,50.0,40.0,60.0,21.0,99.0,25.0,47.0,11.0,49.0,98.0,250.0,32.0,41.0,26.0
58,129,31,73.0,29,24.0,98.0,250.0,36.0,68.0,28.0,56.0,12.0,44.0,32.0,53.0,19.0,16.0,144.0,42.0,57.0,6.0,137.0,54.0,75.0,37.0,50.0,55.0,33.0,120.0,30.0,144.0,120.0
59,49,92,68.0,50,21.0,17.0,86.0,9.0,79.0,118.0,23.0,35.0,15.0,88.0,78.0,87.0,46.0,41.0,34.0,13.0,28.0,38.0,250.0,53.0,25.0,23.0,38.0,147.0,21.0,37.0,41.0,250.0
60,26,11,117.0,24,79.0,37.0,2.0,87.0,34.0,250.0,18.0,41.0,89.0,41.0,120.0,73.0,120.0,52.0,15.0,14.0,82.0,56.0,48.0,35.0,18.0,21.0,8.0,122.0,149.0,40.0,52.0,43.0
61,39,53,250.0,28,39.0,25.0,28.0,25.0,38.0,114.0,23.0,18.0,7.0,52.0,31.0,66.0,44.0,174.0,96.0,33.0,19.0,72.0,81.0,12.0,19.0,28.0,11.0,40.0,250.0,159.0,174.0,27.0
62,19,111,250.0,135,11.0,10.0,14.0,25.0,16.0,44.0,22.0,100.0,8.0,9.0,250.0,59.0,86.0,18.0,52.0,134.0,56.0,20.0,25.0,57.0,40.0,30.0,71.0,250.0,170.0,35.0,18.0,250.0
63,23,52,19.0,146,119.0,61.0,168.0,230.0,23.0,40.0,13.0,100.0,14.0,60.0,134.0,55.0,31.0,100.0,23.0,72.0,46.0,122.0,62.0,92.0,16.0,67.0,100.0,45.0,10.0,157.0,100.0,52.0
64,48,59,11.0,124,250.0,54.0,250.0,77.0,79.0,158.0,21.0,36.0,29.0,90.0,21.0,103.0,40.0,140.0,8.0,72.0,30.0,24.0,123.0,23.0,32.0,48.0,27.0,52.0,83.0,47.0,140.0,116.0
65,20,16,34.0,27,100.0,76.0,31.0,59.0,9.0,36.0,56.0,78.0,34.0,75.0,25.0,18.0,26.0,22.0,65.0,37.0,250.0,129.0,64.0,39.0,67.0,87.0,64.0,250.0,133.0,152.0,22.0,250.0
66,25,204,250.0,26,99.0,161.0,237.0,25.0,13.0,25.0,41.0,70.0,17.0,23.0,250.0,50.0,22.0,250.0,56.0,163.0,61.0,71.0,104.0,37.0,35.0,53.0,36.0,250.0,250.0,21.0,250.0,250.0
67,60,55,196.0,73,40.0,19.0,250.0,22.0,33.0,24.0,52.0,64.0,42.0,57.0,52.0,63.0,64.0,44.0,23.0,32.0,20.0,127.0,11.0,35.0,32.0,66.0,45.0,188.0,24.0,35.0,44.0,34.0
68,8,33,250.0,250,40.0,126.0,20.0,35.0,37.0,33.0,53.0,47.0,32.0,70.0,67.0,37.0,25.0,46.0,27.0,6.0,22.0,61.0,20.0,18.0,134.0,28.0,26.0,70.0,28.0,17.0,46.0,15.0
69,53,48,12.0,43,64.0,87.0,66.0,52.0,54.0,126.0,52.0,14.0,77.0,61.0,21.0,44.0,36.0,146.0,45.0,16.0,15.0,37.0,198.0,61.0,86.0,40.0,22.0,24.0,81.0,22.0,146.0,74.0
70,45,102,250.0,86,18.0,218.0,20.0,38.0,58.0,49.0,74.0,70.0,47.0,54.0,83.0,58.0,111.0,14.0,62.0,42.0,35.0,114.0,101.0,34.0,23.0,15.0,46.0,186.0,121.0,7.0,14.0,9.0
71,66,31,21.0,114,19.0,90.0,14.0,40.0,39.0,109.0,36.0,42.0,36.0,50.0,24.0,49.0,144.0,107.0,31.0,30.0,86.0,41.0,27.0,112.0,26.0,14.0,53.0,15.0,67.0,103.0,107.0,15.0
72,9,78,86.0,14,39.0,40.0,87.0,43.0,56.0,56.0,40.0,44.0,55.0,58.0,169.0,54.0,187.0,49.0,250.0,55.0,37.0,48.0,119.0,27.0,85.0,28.0,135.0,75.0,24.0,15.0,49.0,9.0
73,66,45,118.0,13,68.0,24.0,228.0,136.0,64.0,11.0,71.0,42.0,212.0,73.0,50.0,250.0,250.0,37.0,44.0,20.0,12.0,28.0,25.0,17.0,13.0,13.0,57.0,250.0,88.0,12.0,37.0,15.0
74,46,250,9.0,250,14.0,109.0,82.0,212.0,41.0,30.0,68.0,69.0,28.0,23.0,16.0,74.0,74.0,120.0,47.0,14.0,18.0,27.0,63.0,27.0,15.0,31.0,23.0,135.0,27.0,162.0,120.0,210.0
75,69,92,31.0,34,51.0,99.0,22.0,80.0,37.0,37.0,65.0,68.0,28.0,20.0,71.0,112.0,170.0,22.0,31.0,20.0,37.0,28.0,41.0,101.0,58.0,38.0,178.0,250.0,18.0,40.0,22.0,27.0
76,31,57,18.0,111,133.0,24.0,50.0,19.0,17.0,35.0,91.0,60.0,48.0,76.0,12.0,87.0,250.0,39.0,30.0,51.0,31.0,43.0,48.0,35.0,85.0,31.0,129.0,216.0,17.0,74.0,39.0,30.0
77,67,45,128.0,41,45.0,112.0,66.0,27.0,20.0,58.0,63.0,66.0,168.0,53.0,109.0,44.0,14.0,25.0,110.0,19.0,27.0,14.0,16.0,59.0,24.0,41.0,132.0,181.0,250.0,172.0,25.0,250.0
78,24,56,250.0,250,85.0,29.0,71.0,63.0,17.0,90.0,23.0,42.0,139.0,56.0,63.0,37.0,28.0,46.0,9.0,9.0,56.0,56.0,57.0,75.0,62.0,47.0,49.0,29.0,77.0,41.0,46.0,40.0
79,45,54,19.0,250,63.0,245.0,214.0,37.0,35.0,33.0,44.0,107.0,161.0,18.0,149.0,27.0,40.0,58.0,9.0,40.0,26.0,65.0,18.0,64.0,58.0,62.0,17.0,25.0,110.0,20.0,58.0,250.0
80,168,67,90.0,100,11.0,10.0,87.0,75.0,62.0,51.0,50.0,21.0,74.0,53.0,65.0,127.0,15.0,45.0,16.0,40.0,42.0,21.0,102.0,35.0,25.0,65.0,53.0,41.0,70.0,32.0,45.0,20.0
81,17,97,15.0,250,59.0,52.0,250.0,25.0,56.0,33.0,45.0,24.0,58.0,51.0,19.0,40.0,62.0,15.0,61.0,40.0,53.0,42.0,39.0,10.0,53.0,46.0,67.0,250.0,17.0,250.0,15.0,29.0
82,160,34,45.0,22,16.0,50.0,250.0,250.0,34.0,22.0,58.0,95.0,28.0,27.0,62.0,30.0,40.0,52.0,27.0,37.0,47.0,52.0,23.0,38.0,160.0,39.0,74.0,14.0,44.0,205.0,52.0,127.0
83,13,250,250.0,117,45.0,214.0,14.0,11.0,29.0,38.0,42.0,39.0,20.0,39.0,250.0,14.0,90.0,250.0,10.0,250.0,43.0,121.0,28.0,26.0,28.0,37.0,34.0,91.0,55.0,30.0,250.0,120.0
84,9,94,40.0,224,30.0,87.0,250.0,42.0,63.0,89.0,16.0,19.0,41.0,49.0,23.0,115.0,60.0,13.0,11.0,62.0,17.0,33.0,47.0,106.0,19.0,87.0,11.0,16.0,95.0,82.0,13.0,250.0
85,34,23,127.0,26,24.0,37.0,33.0,117.0,36.0,91.0,96.0,35.0,22.0,21.0,52.0,70.0,50.0,155.0,60.0,79.0,80.0,38.0,97.0,68.0,171.0,106.0,88.0,250.0,18.0,13.0,155.0,20.0
86,61,34,32.0,89,75.0,42.0,212.0,95.0,74.0,41.0,9.0,33.0,23.0,44.0,48.0,62.0,24.0,72.0,56.0,24.0,60.0,59.0,38.0,24.0,34.0,36.0,61.0,43.0,22.0,46.0,72.0,250.0
87,81,16,55.0,31,27.0,40.0,37.0,104.0,55.0,49.0,54.0,43.0,94.0,21.0,57.0,60.0,250.0,19.0,250.0,80.0,7.0,49.0,13.0,140.0,62.0,88.0,56.0,193.0,28.0,37.0,19.0,82.0
88,19,38,30.0,14,73.0,46.0,77.0,9.0,37.0,50.0,65.0,43.0,17.0,94.0,116.0,74.0,65.0,53.0,71.0,85.0,89.0,18.0,13.0,16.0,90.0,250.0,84.0,60.0,250.0,51.0,53.0,43.0
89,6,33,61.0,7,70.0,12.0,250.0,24.0,89.0,92.0,44.0,23.0,95.0,95.0,54.0,28.0,19.0,52.0,54.0,54.0,61.0,35.0,32.0,71.0,112.0,32.0,82.0,154.0,24.0,145.0,52.0,72.0
90,19,14,125.0,16,216.0,57.0,52.0,21.0,21.0,80.0,56.0,40.0,32.0,49.0,250.0,84.0,28.0,15.0,77.0,16.0,17.0,21.0,30.0,91.0,46.0,12.0,36.0,31.0,212.0,71.0,15.0,21.0
91,14,57,52.0,194,52.0,46.0,14.0,70.0,13.0,68.0,24.0,106.0,49.0,44.0,29.0,36.0,76.0,31.0,250.0,111.0,131.0,21.0,40.0,21.0,250.0,62.0,30.0,41.0,16.0,15.0,31.0,64.0
92,11,29,30.0,27,63.0,57.0,250.0,153.0,7.0,73.0,91.0,30.0,250.0,45.0,45.0,9.0,25.0,57.0,37.0,59.0,50.0,250.0,28.0,25.0,77.0,36.0,48.0,37.0,7.0,25.0,57.0,138.0
93,18,17,250.0,41,40.0,34.0,153.0,28.0,165.0,41.0,37.0,48.0,94.0,44.0,49.0,96.0,52.0,37.0,77.0,53.0,34.0,60.0,64.0,32.0,115.0,63.0,14.0,250.0,24.0,59.0,37.0,20.0
94,250,250,97.0,38,19.0,36.0,67.0,31.0,250.0,21.0,34.0,9.0,21.0,19.0,18.0,126.0,20.0,41.0,26.0,34.0,250.0,18.0,58.0,128.0,96.0,22.0,20.0,28.0,11.0,19.0,41.0,100.0
95,89,79,158.0,250,89.0,12.0,22.0,48.0,65.0,60.0,91.0,22.0,176.0,20.0,147.0,33.0,74.0,11.0,31.0,47.0,34.0,32.0,110.0,16.0,95.0,60.0,27.0,250.0,154.0,244.0,11.0,211.0
96,65,32,82.0,8,41.0,19.0,75.0,27.0,43.0,25.0,66.0,32.0,136.0,22.0,28.0,26.0,29.0,17.0,43.0,63.0,97.0,60.0,22.0,11.0,250.0,108.0,79.0,64.0,13.0,41.0,17.0,53.0
97,57,201,23.0,99,9.0,77.0,67.0,46.0,23.0,27.0,72.0,40.0,142.0,23.0,19.0,57.0,29.0,16.0,69.0,186.0,16.0,53.0,41.0,9.0,39.0,29.0,35.0,147.0,155.0,88.0,16.0,27.0
98,75,73,250.0,41,32.0,27.0,39.0,51.0,46.0,29.0,62.0,67.0,51.0,26.0,43.0,9.0,45.0,47.0,60.0,91.0,20.0,14.0,40.0,17.0,29.0,17.0,212.0,190.0,229.0,57.0,47.0,68.0
99,250,231,41.0,250,44.0,84.0,27.0,69.0,101.0,128.0,87.0,42.0,22.0,26.0,18.0,52.0,84.0,45.0,,14.0,70.0,,30.0,250.0,34.0,18.0,141.0,82.0,250.0,194.0,45.0,29.0
100,75,94,37.0,30,19.0,63.0,250.0,,,,,,,,,,,,,,,,,,,,,,,,,
101,73,117,194.0,9,118.0,15.0,171.0,,,,,,,,,,,,,,,,,,,,,,,,,
102,37,51,205.0,213,79.0,41.0,141.0,,,,,,,,,,,,,,,,,,,,,,,,,
103,109,66,48.0,29,138.0,41.0,70.0,,,,,,,,,,,,,,,,,,,,,,,,,
104,19,21,9.0,60,10.0,48.0,250.0,,,,,,,,,,,,,,,,,,,,,,,,,
105,63,127,152.0,250,30.0,68.0,105.0,,,,,,,,,,,,,,,,,,,,,,,,,
106,42,26,15.0,15,57.0,65.0,30.0,,,,,,,,,,,,,,,,,,,,,,,,,
107,110,60,48.0,49,29.0,19.0,24.0,,,,,,,,,,,,,,,,,,,,,,,,,
108,26,161,35.0,13,15.0,53.0,50.0,,,,,,,,,,,,,,,,,,,,,,,,,
109,31,137,90.0,46,92.0,69.0,22.0,,,,,,,,,,,,,,,,,,,,,,,,,
110,150,94,30.0,21,52.0,37.0,67.0,,,,,,,,,,,,,,,,,,,,,,,,,
111,19,22,66.0,39,176.0,99.0,41.0,,,,,,,,,,,,,,,,,,,,,,,,,
112,49,240,45.0,16,46.0,53.0,124.0,,,,,,,,,,,,,,,,,,,,,,,,,
113,40,49,208.0,250,33.0,13.0,17.0,,,,,,,,,,,,,,,,,,,,,,,,,
114,52,27,20.0,119,51.0,168.0,27.0,,,,,,,,,,,,,,,,,,,,,,,,,
115,21,17,250.0,48,59.0,38.0,19.0,,,,,,,,,,,,,,,,,,,,,,,,,
116,119,77,63.0,13,16.0,250.0,154.0,,,,,,,,,,,,,,,,,,,,,,,,,
117,93,110,82.0,250,69.0,24.0,35.0,,,,,,,,,,,,,,,,,,,,,,,,,
118,127,14,32.0,239,135.0,77.0,24.0,,,,,,,,,,,,,,,,,,,,,,,,,
119,17,66,166.0,68,64.0,55.0,6.0,,,,,,,,,,,,,,,,,,,,,,,,,
120,20,33,250.0,109,24.0,30.0,53.0,,,,,,,,,,,,,,,,,,,,,,,,,
121,50,19,29.0,117,73.0,52.0,190.0,,,,,,,,,,,,,,,,,,,,,,,,,
122,153,17,19.0,250,250.0,55.0,190.0,,,,,,,,,,,,,,,,,,,,,,,,,
123,107,45,228.0,250,55.0,29.0,6.0,,,,,,,,,,,,,,,,,,,,,,,,,
124,36,38,73.0,13,59.0,19.0,42.0,,,,,,,,,,,,,,,,,,,,,,,,,
125,28,11,101.0,129,148.0,13.0,118.0,,,,,,,,,,,,,,,,,,,,,,,,,
126,63,39,250.0,81,76.0,35.0,250.0,,,,,,,,,,,,,,,,,,,,,,,,,
127,51,34,250.0,69,40.0,85.0,20.0,,,,,,,,,,,,,,,,,,,,,,,,,
128,43,15,250.0,36,24.0,77.0,30.0,,,,,,,,,,,,,,,,,,,,,,,,,
129,145,66,61.0,179,66.0,118.0,250.0,,,,,,,,,,,,,,,,,,,,,,,,,
130,37,80,250.0,51,33.0,23.0,34.0,,,,,,,,,,,,,,,,,,,,,,,,,
131,151,250,55.0,44,44.0,95.0,124.0,,,,,,,,,,,,,,,,,,,,,,,,,
132,57,47,57.0,189,64.0,14.0,27.0,,,,,,,,,,,,,,,,,,,,,,,,,
133,72,250,139.0,34,34.0,33.0,10.0,,,,,,,,,,,,,,,,,,,,,,,,,
134,74,75,155.0,28,33.0,49.0,120.0,,,,,,,,,,,,,,,,,,,,,,,,,
135,41,20,250.0,69,9.0,250.0,86.0,,,,,,,,,,,,,,,,,,,,,,,,,
136,20,21,250.0,31,43.0,39.0,124.0,,,,,,,,,,,,,,,,,,,,,,,,,
137,27,14,179.0,250,6.0,28.0,71.0,,,,,,,,,,,,,,,,,,,,,,,,,
138,28,62,39.0,131,40.0,19.0,166.0,,,,,,,,,,,,,,,,,,,,,,,,,
139,51,32,30.0,79,49.0,46.0,250.0,,,,,,,,,,,,,,,,,,,,,,,,,
140,12,159,66.0,250,147.0,61.0,6.0,,,,,,,,,,,,,,,,,,,,,,,,,
141,25,39,25.0,123,92.0,250.0,16.0,,,,,,,,,,,,,,,,,,,,,,,,,
142,29,117,163.0,70,22.0,31.0,250.0,,,,,,,,,,,,,,,,,,,,,,,,,
143,32,48,111.0,171,67.0,69.0,99.0,,,,,,,,,,,,,,,,,,,,,,,,,
144,57,52,250.0,60,74.0,51.0,250.0,,,,,,,,,,,,,,,,,,,,,,,,,
145,37,45,41.0,185,11.0,121.0,42.0,,,,,,,,,,,,,,,,,,,,,,,,,
146,50,93,13.0,18,86.0,20.0,53.0,,,,,,,,,,,,,,,,,,,,,,,,,
147,64,39,48.0,22,250.0,59.0,24.0,,,,,,,,,,,,,,,,,,,,,,,,,
148,44,27,94.0,31,19.0,35.0,39.0,,,,,,,,,,,,,,,,,,,,,,,,,
149,39,69,250.0,24,60.0,43.0,250.0,,,,,,,,,,,,,,,,,,,,,,,,,
150,37,58,30.0,36,53.0,44.0,75.0,,,,,,,,,,,,,,,,,,,,,,,,,
151,31,22,18.0,19,31.0,22.0,250.0,,,,,,,,,,,,,,,,,,,,,,,,,
152,106,139,21.0,123,51.0,35.0,22.0,,,,,,,,,,,,,,,,,,,,,,,,,
153,12,28,250.0,27,28.0,250.0,78.0,,,,,,,,,,,,,,,,,,,,,,,,,
154,70,56,16.0,43,38.0,39.0,69.0,,,,,,,,,,,,,,,,,,,,,,,,,
155,71,94,17.0,250,250.0,63.0,35.0,,,,,,,,,,,,,,,,,,,,,,,,,
156,58,66,27.0,71,47.0,51.0,111.0,,,,,,,,,,,,,,,,,,,,,,,,,
157,47,42,250.0,73,16.0,86.0,2.0,,,,,,,,,,,,,,,,,,,,,,,,,
158,11,102,49.0,16,57.0,78.0,250.0,,,,,,,,,,,,,,,,,,,,,,,,,
159,100,33,62.0,39,18.0,33.0,118.0,,,,,,,,,,,,,,,,,,,,,,,,,
160,20,115,71.0,39,50.0,140.0,67.0,,,,,,,,,,,,,,,,,,,,,,,,,
161,131,77,60.0,59,228.0,116.0,114.0,,,,,,,,,,,,,,,,,,,,,,,,,
162,61,73,38.0,250,68.0,154.0,250.0,,,,,,,,,,,,,,,,,,,,,,,,,
163,70,24,130.0,118,94.0,144.0,250.0,,,,,,,,,,,,,,,,,,,,,,,,,
164,250,44,55.0,250,135.0,88.0,41.0,,,,,,,,,,,,,,,,,,,,,,,,,
165,8,13,214.0,100,62.0,18.0,47.0,,,,,,,,,,,,,,,,,,,,,,,,,
166,32,101,250.0,112,77.0,250.0,34.0,,,,,,,,,,,,,,,,,,,,,,,,,
167,40,20,27.0,10,13.0,40.0,17.0,,,,,,,,,,,,,,,,,,,,,,,,,
168,51,76,143.0,29,43.0,114.0,24.0,,,,,,,,,,,,,,,,,,,,,,,,,
169,72,50,23.0,27,250.0,114.0,67.0,,,,,,,,,,,,,,,,,,,,,,,,,
170,41,40,164.0,250,66.0,55.0,21.0,,,,,,,,,,,,,,,,,,,,,,,,,
171,22,67,71.0,126,40.0,45.0,35.0,,,,,,,,,,,,,,,,,,,,,,,,,
172,139,34,161.0,37,30.0,52.0,250.0,,,,,,,,,,,,,,,,,,,,,,,,,
173,22,19,87.0,88,84.0,20.0,22.0,,,,,,,,,,,,,,,,,,,,,,,,,
174,82,26,31.0,67,24.0,88.0,77.0,,,,,,,,,,,,,,,,,,,,,,,,,
175,18,32,140.0,40,86.0,73.0,33.0,,,,,,,,,,,,,,,,,,,,,,,,,
176,50,29,139.0,250,43.0,35.0,250.0,,,,,,,,,,,,,,,,,,,,,,,,,
177,37,222,62.0,250,65.0,39.0,69.0,,,,,,,,,,,,,,,,,,,,,,,,,
178,46,169,53.0,128,30.0,35.0,212.0,,,,,,,,,,,,,,,,,,,,,,,,,
179,41,70,250.0,165,59.0,69.0,75.0,,,,,,,,,,,,,,,,,,,,,,,,,
180,58,59,92.0,29,68.0,250.0,250.0,,,,,,,,,,,,,,,,,,,,,,,,,
181,82,134,176.0,53,79.0,47.0,93.0,,,,,,,,,,,,,,,,,,,,,,,,,
182,142,60,54.0,178,54.0,10.0,87.0,,,,,,,,,,,,,,,,,,,,,,,,,
183,19,114,7.0,150,17.0,22.0,250.0,,,,,,,,,,,,,,,,,,,,,,,,,
184,56,39,114.0,27,250.0,24.0,53.0,,,,,,,,,,,,,,,,,,,,,,,,,
185,38,221,126.0,212,32.0,30.0,190.0,,,,,,,,,,,,,,,,,,,,,,,,,
186,250,250,131.0,28,42.0,19.0,24.0,,,,,,,,,,,,,,,,,,,,,,,,,
187,59,66,40.0,9,41.0,250.0,154.0,,,,,,,,,,,,,,,,,,,,,,,,,
188,27,61,213.0,250,24.0,87.0,78.0,,,,,,,,,,,,,,,,,,,,,,,,,
189,20,23,75.0,71,21.0,67.0,10.0,,,,,,,,,,,,,,,,,,,,,,,,,
190,17,17,140.0,12,65.0,14.0,250.0,,,,,,,,,,,,,,,,,,,,,,,,,
191,70,112,250.0,128,158.0,250.0,20.0,,,,,,,,,,,,,,,,,,,,,,,,,
192,250,233,250.0,15,39.0,110.0,105.0,,,,,,,,,,,,,,,,,,,,,,,,,
193,34,44,10.0,43,9.0,250.0,168.0,,,,,,,,,,,,,,,,,,,,,,,,,
194,54,102,21.0,250,250.0,77.0,2.0,,,,,,,,,,,,,,,,,,,,,,,,,
195,14,16,21.0,45,21.0,66.0,22.0,,,,,,,,,,,,,,,,,,,,,,,,,
196,17,35,11.0,109,56.0,32.0,19.0,,,,,,,,,,,,,,,,,,,,,,,,,
197,234,28,32.0,250,26.0,26.0,67.0,,,,,,,,,,,,,,,,,,,,,,,,,
198,28,38,83.0,250,21.0,60.0,66.0,,,,,,,,,,,,,,,,,,,,,,,,,
199,68,102,8.0,152,250.0,44.0,250.0,,,,,,,,,,,,,,,,,,,,,,,,,
200,116,54,210.0,250,16.0,39.0,28.0,,,,,,,,,,,,,,,,,,,,,,,,,
201,13,56,250.0,16,22.0,91.0,34.0,,,,,,,,,,,,,,,,,,,,,,,,,
202,50,63,250.0,16,85.0,154.0,44.0,,,,,,,,,,,,,,,,,,,,,,,,,
203,63,138,129.0,106,64.0,42.0,50.0,,,,,,,,,,,,,,,,,,,,,,,,,
204,84,21,144.0,30,138.0,70.0,17.0,,,,,,,,,,,,,,,,,,,,,,,,,
205,88,150,178.0,192,73.0,162.0,44.0,,,,,,,,,,,,,,,,,,,,,,,,,
206,60,30,189.0,235,51.0,205.0,39.0,,,,,,,,,,,,,,,,,,,,,,,,,
207,57,23,9.0,65,49.0,127.0,67.0,,,,,,,,,,,,,,,,,,,,,,,,,
208,49,250,72.0,135,33.0,29.0,22.0,,,,,,,,,,,,,,,,,,,,,,,,,
209,44,159,113.0,108,49.0,250.0,168.0,,,,,,,,,,,,,,,,,,,,,,,,,
210,44,74,25.0,47,128.0,61.0,250.0,,,,,,,,,,,,,,,,,,,,,,,,,
211,55,250,91.0,53,42.0,58.0,24.0,,,,,,,,,,,,,,,,,,,,,,,,,
212,55,55,141.0,250,25.0,31.0,18.0,,,,,,,,,,,,,,,,,,,,,,,,,
213,92,183,250.0,20,99.0,39.0,85.0,,,,,,,,,,,,,,,,,,,,,,,,,
214,34,41,32.0,36,20.0,10.0,87.0,,,,,,,,,,,,,,,,,,,,,,,,,
215,17,169,21.0,24,38.0,51.0,250.0,,,,,,,,,,,,,,,,,,,,,,,,,
216,10,120,94.0,79,21.0,32.0,250.0,,,,,,,,,,,,,,,,,,,,,,,,,
217,61,114,31.0,53,1.0,190.0,50.0,,,,,,,,,,,,,,,,,,,,,,,,,
218,20,32,107.0,21,86.0,250.0,69.0,,,,,,,,,,,,,,,,,,,,,,,,,
219,61,250,148.0,177,21.0,87.0,27.0,,,,,,,,,,,,,,,,,,,,,,,,,
220,38,99,66.0,250,106.0,44.0,34.0,,,,,,,,,,,,,,,,,,,,,,,,,
221,45,227,1.0,136,87.0,139.0,28.0,,,,,,,,,,,,,,,,,,,,,,,,,
222,51,49,193.0,47,20.0,228.0,168.0,,,,,,,,,,,,,,,,,,,,,,,,,
223,76,44,23.0,23,13.0,84.0,18.0,,,,,,,,,,,,,,,,,,,,,,,,,
224,44,46,18.0,171,64.0,49.0,18.0,,,,,,,,,,,,,,,,,,,,,,,,,
225,23,25,82.0,41,68.0,29.0,77.0,,,,,,,,,,,,,,,,,,,,,,,,,
226,51,30,52.0,16,50.0,42.0,17.0,,,,,,,,,,,,,,,,,,,,,,,,,
227,250,250,144.0,9,18.0,98.0,53.0,,,,,,,,,,,,,,,,,,,,,,,,,
228,12,30,10.0,6,58.0,28.0,18.0,,,,,,,,,,,,,,,,,,,,,,,,,
229,50,34,76.0,49,63.0,48.0,24.0,,,,,,,,,,,,,,,,,,,,,,,,,
230,44,83,250.0,250,68.0,76.0,250.0,,,,,,,,,,,,,,,,,,,,,,,,,
231,177,25,47.0,183,250.0,14.0,75.0,,,,,,,,,,,,,,,,,,,,,,,,,
232,82,76,16.0,21,36.0,146.0,250.0,,,,,,,,,,,,,,,,,,,,,,,,,
233,159,66,35.0,51,19.0,33.0,17.0,,,,,,,,,,,,,,,,,,,,,,,,,
234,32,207,67.0,250,30.0,250.0,19.0,,,,,,,,,,,,,,,,,,,,,,,,,
235,25,41,31.0,22,34.0,86.0,17.0,,,,,,,,,,,,,,,,,,,,,,,,,
236,54,100,9.0,210,27.0,35.0,22.0,,,,,,,,,,,,,,,,,,,,,,,,,
237,110,45,162.0,71,93.0,69.0,47.0,,,,,,,,,,,,,,,,,,,,,,,,,
238,35,15,40.0,69,8.0,105.0,250.0,,,,,,,,,,,,,,,,,,,,,,,,,
239,19,28,115.0,182,41.0,211.0,215.0,,,,,,,,,,,,,,,,,,,,,,,,,
240,62,108,16.0,27,38.0,191.0,214.0,,,,,,,,,,,,,,,,,,,,,,,,,
241,46,63,126.0,183,102.0,25.0,67.0,,,,,,,,,,,,,,,,,,,,,,,,,
242,49,28,117.0,1,1.0,20.0,228.0,,,,,,,,,,,,,,,,,,,,,,,,,
243,93,121,69.0,76,49.0,33.0,24.0,,,,,,,,,,,,,,,,,,,,,,,,,
244,64,32,61.0,39,99.0,28.0,70.0,,,,,,,,,,,,,,,,,,,,,,,,,
245,136,250,169.0,171,24.0,66.0,24.0,,,,,,,,,,,,,,,,,,,,,,,,,
246,37,70,250.0,100,250.0,53.0,88.0,,,,,,,,,,,,,,,,,,,,,,,,,
247,38,31,145.0,45,54.0,8.0,105.0,,,,,,,,,,,,,,,,,,,,,,,,,
248,43,163,128.0,71,102.0,59.0,153.0,,,,,,,,,,,,,,,,,,,,,,,,,
249,63,91,24.0,49,106.0,35.0,190.0,,,,,,,,,,,,,,,,,,,,,,,,,
250,37,197,107.0,250,79.0,21.0,250.0,,,,,,,,,,,,,,,,,,,,,,,,,
251,32,28,238.0,33,29.0,36.0,250.0,,,,,,,,,,,,,,,,,,,,,,,,,
252,54,147,194.0,26,44.0,94.0,250.0,,,,,,,,,,,,,,,,,,,,,,,,,
253,38,34,80.0,104,54.0,42.0,87.0,,,,,,,,,,,,,,,,,,,,,,,,,
254,77,76,250.0,50,94.0,38.0,53.0,,,,,,,,,,,,,,,,,,,,,,,,,
255,61,37,250.0,47,71.0,14.0,66.0,,,,,,,,,,,,,,,,,,,,,,,,,
256,135,87,250.0,12,30.0,8.0,166.0,,,,,,,,,,,,,,,,,,,,,,,,,
257,59,45,43.0,250,52.0,44.0,50.0,,,,,,,,,,,,,,,,,,,,,,,,,
258,98,80,49.0,50,104.0,27.0,86.0,,,,,,,,,,,,,,,,,,,,,,,,,
259,109,103,25.0,250,48.0,29.0,52.0,,,,,,,,,,,,,,,,,,,,,,,,,
260,16,31,134.0,250,27.0,44.0,142.0,,,,,,,,,,,,,,,,,,,,,,,,,
261,37,22,52.0,250,1.0,11.0,250.0,,,,,,,,,,,,,,,,,,,,,,,,,
262,52,88,63.0,138,34.0,15.0,250.0,,,,,,,,,,,,,,,,,,,,,,,,,
263,33,35,112.0,68,39.0,130.0,67.0,,,,,,,,,,,,,,,,,,,,,,,,,
264,16,22,56.0,51,43.0,40.0,154.0,,,,,,,,,,,,,,,,,,,,,,,,,
265,47,20,28.0,49,22.0,21.0,24.0,,,,,,,,,,,,,,,,,,,,,,,,,
266,29,39,66.0,95,15.0,26.0,71.0,,,,,,,,,,,,,,,,,,,,,,,,,
267,57,42,25.0,38,57.0,94.0,190.0,,,,,,,,,,,,,,,,,,,,,,,,,
268,55,41,152.0,62,52.0,35.0,70.0,,,,,,,,,,,,,,,,,,,,,,,,,
269,49,55,24.0,104,34.0,18.0,69.0,,,,,,,,,,,,,,,,,,,,,,,,,
270,84,191,69.0,20,20.0,28.0,141.0,,,,,,,,,,,,,,,,,,,,,,,,,
271,45,99,168.0,250,71.0,216.0,20.0,,,,,,,,,,,,,,,,,,,,,,,,,
272,122,80,24.0,53,66.0,45.0,168.0,,,,,,,,,,,,,,,,,,,,,,,,,
273,36,31,157.0,38,250.0,27.0,78.0,,,,,,,,,,,,,,,,,,,,,,,,,
274,32,168,250.0,250,86.0,100.0,10.0,,,,,,,,,,,,,,,,,,,,,,,,,
275,23,20,152.0,47,22.0,35.0,28.0,,,,,,,,,,,,,,,,,,,,,,,,,
276,117,85,250.0,80,76.0,71.0,53.0,,,,,,,,,,,,,,,,,,,,,,,,,
277,250,54,250.0,56,42.0,35.0,85.0,,,,,,,,,,,,,,,,,,,,,,,,,
278,81,97,250.0,154,28.0,215.0,70.0,,,,,,,,,,,,,,,,,,,,,,,,,
279,11,100,250.0,13,51.0,134.0,250.0,,,,,,,,,,,,,,,,,,,,,,,,,
280,41,39,186.0,33,30.0,63.0,67.0,,,,,,,,,,,,,,,,,,,,,,,,,
281,68,17,158.0,69,22.0,45.0,34.0,,,,,,,,,,,,,,,,,,,,,,,,,
282,43,100,250.0,131,67.0,45.0,228.0,,,,,,,,,,,,,,,,,,,,,,,,,
283,37,133,63.0,68,56.0,250.0,67.0,,,,,,,,,,,,,,,,,,,,,,,,,
284,64,217,64.0,250,24.0,39.0,114.0,,,,,,,,,,,,,,,,,,,,,,,,,
285,22,41,89.0,19,128.0,40.0,250.0,,,,,,,,,,,,,,,,,,,,,,,,,
286,52,250,193.0,99,85.0,116.0,142.0,,,,,,,,,,,,,,,,,,,,,,,,,
287,7,99,89.0,23,10.0,84.0,50.0,,,,,,,,,,,,,,,,,,,,,,,,,
288,35,26,98.0,16,23.0,38.0,87.0,,,,,,,,,,,,,,,,,,,,,,,,,
289,90,79,250.0,80,59.0,14.0,29.0,,,,,,,,,,,,,,,,,,,,,,,,,
290,52,86,250.0,25,177.0,21.0,19.0,,,,,,,,,,,,,,,,,,,,,,,,,
291,20,50,25.0,250,67.0,71.0,250.0,,,,,,,,,,,,,,,,,,,,,,,,,
292,106,110,211.0,60,35.0,250.0,24.0,,,,,,,,,,,,,,,,,,,,,,,,,
293,50,51,27.0,250,26.0,72.0,77.0,,,,,,,,,,,,,,,,,,,,,,,,,
294,115,19,47.0,38,12.0,93.0,250.0,,,,,,,,,,,,,,,,,,,,,,,,,
295,101,109,85.0,115,51.0,250.0,215.0,,,,,,,,,,,,,,,,,,,,,,,,,
296,89,35,250.0,138,186.0,17.0,93.0,,,,,,,,,,,,,,,,,,,,,,,,,
297,8,250,88.0,2,21.0,42.0,24.0,,,,,,,,,,,,,,,,,,,,,,,,,
298,250,28,192.0,11,122.0,30.0,53.0,,,,,,,,,,,,,,,,,,,,,,,,,
299,57,101,88.0,32,51.0,53.0,71.0,,,,,,,,,,,,,,,,,,,,,,,,,
300,8,17,90.0,39,73.0,250.0,250.0,,,,,,,,,,,,,,,,,,,,,,,,,
301,57,65,89.0,16,38.0,172.0,86.0,,,,,,,,,,,,,,,,,,,,,,,,,
302,46,34,235.0,10,49.0,43.0,16.0,,,,,,,,,,,,,,,,,,,,,,,,,
303,79,45,9.0,60,19.0,31.0,88.0,,,,,,,,,,,,,,,,,,,,,,,,,
304,8,19,31.0,17,50.0,31.0,215.0,,,,,,,,,,,,,,,,,,,,,,,,,
305,35,23,228.0,68,250.0,35.0,77.0,,,,,,,,,,,,,,,,,,,,,,,,,
306,27,21,35.0,169,250.0,42.0,99.0,,,,,,,,,,,,,,,,,,,,,,,,,
307,102,45,250.0,43,49.0,37.0,153.0,,,,,,,,,,,,,,,,,,,,,,,,,
308,55,16,250.0,25,55.0,250.0,87.0,,,,,,,,,,,,,,,,,,,,,,,,,
309,58,221,53.0,86,137.0,197.0,250.0,,,,,,,,,,,,,,,,,,,,,,,,,
310,21,30,66.0,14,50.0,24.0,216.0,,,,,,,,,,,,,,,,,,,,,,,,,
311,89,87,199.0,24,29.0,52.0,214.0,,,,,,,,,,,,,,,,,,,,,,,,,
312,16,52,250.0,83,14.0,82.0,45.0,,,,,,,,,,,,,,,,,,,,,,,,,
313,19,64,175.0,30,55.0,64.0,27.0,,,,,,,,,,,,,,,,,,,,,,,,,
314,57,29,22.0,70,56.0,250.0,34.0,,,,,,,,,,,,,,,,,,,,,,,,,
315,67,32,250.0,38,49.0,250.0,24.0,,,,,,,,,,,,,,,,,,,,,,,,,
316,29,97,16.0,16,47.0,62.0,212.0,,,,,,,,,,,,,,,,,,,,,,,,,
317,28,51,32.0,68,38.0,48.0,166.0,,,,,,,,,,,,,,,,,,,,,,,,,
318,40,85,160.0,6,37.0,92.0,20.0,,,,,,,,,,,,,,,,,,,,,,,,,
319,24,53,250.0,40,40.0,91.0,66.0,,,,,,,,,,,,,,,,,,,,,,,,,
320,23,35,15.0,250,61.0,49.0,39.0,,,,,,,,,,,,,,,,,,,,,,,,,
321,28,43,96.0,117,18.0,36.0,6.0,,,,,,,,,,,,,,,,,,,,,,,,,
322,114,250,250.0,22,25.0,1.0,10.0,,,,,,,,,,,,,,,,,,,,,,,,,
323,192,53,178.0,74,38.0,26.0,24.0,,,,,,,,,,,,,,,,,,,,,,,,,
324,38,63,10.0,153,250.0,20.0,14.0,,,,,,,,,,,,,,,,,,,,,,,,,
325,12,94,117.0,36,76.0,77.0,212.0,,,,,,,,,,,,,,,,,,,,,,,,,
326,2,2,14.0,22,81.0,47.0,53.0,,,,,,,,,,,,,,,,,,,,,,,,,
327,28,45,27.0,187,62.0,250.0,22.0,,,,,,,,,,,,,,,,,,,,,,,,,
328,65,80,52.0,71,33.0,54.0,250.0,,,,,,,,,,,,,,,,,,,,,,,,,
329,21,45,34.0,8,136.0,250.0,250.0,,,,,,,,,,,,,,,,,,,,,,,,,
330,15,32,77.0,28,24.0,31.0,114.0,,,,,,,,,,,,,,,,,,,,,,,,,
331,61,13,250.0,250,36.0,36.0,250.0,,,,,,,,,,,,,,,,,,,,,,,,,
332,21,42,250.0,250,82.0,39.0,28.0,,,,,,,,,,,,,,,,,,,,,,,,,
333,18,21,250.0,155,98.0,82.0,124.0,,,,,,,,,,,,,,,,,,,,,,,,,
334,46,250,20.0,250,8.0,68.0,250.0,,,,,,,,,,,,,,,,,,,,,,,,,
335,38,70,250.0,21,34.0,25.0,190.0,,,,,,,,,,,,,,,,,,,,,,,,,
336,34,20,17.0,137,67.0,30.0,53.0,,,,,,,,,,,,,,,,,,,,,,,,,
337,36,28,56.0,231,84.0,68.0,141.0,,,,,,,,,,,,,,,,,,,,,,,,,
338,40,53,224.0,83,10.0,51.0,142.0,,,,,,,,,,,,,,,,,,,,,,,,,
339,17,89,250.0,155,34.0,37.0,22.0,,,,,,,,,,,,,,,,,,,,,,,,,
340,27,22,10.0,190,33.0,16.0,53.0,,,,,,,,,,,,,,,,,,,,,,,,,
341,18,8,12.0,25,28.0,27.0,42.0,,,,,,,,,,,,,,,,,,,,,,,,,
342,29,13,24.0,218,100.0,44.0,24.0,,,,,,,,,,,,,,,,,,,,,,,,,
343,21,22,39.0,13,81.0,9.0,250.0,,,,,,,,,,,,,,,,,,,,,,,,,
344,34,91,63.0,250,26.0,21.0,87.0,,,,,,,,,,,,,,,,,,,,,,,,,
345,127,161,250.0,250,44.0,42.0,41.0,,,,,,,,,,,,,,,,,,,,,,,,,
346,49,40,121.0,57,13.0,70.0,88.0,,,,,,,,,,,,,,,,,,,,,,,,,
347,59,99,250.0,189,211.0,77.0,21.0,,,,,,,,,,,,,,,,,,,,,,,,,
348,37,45,250.0,250,39.0,62.0,39.0,,,,,,,,,,,,,,,,,,,,,,,,,
349,71,47,51.0,250,158.0,250.0,71.0,,,,,,,,,,,,,,,,,,,,,,,,,
350,25,38,43.0,84,41.0,22.0,168.0,,,,,,,,,,,,,,,,,,,,,,,,,
351,250,96,65.0,43,159.0,73.0,47.0,,,,,,,,,,,,,,,,,,,,,,,,,
352,42,52,10.0,39,58.0,52.0,19.0,,,,,,,,,,,,,,,,,,,,,,,,,
353,30,74,250.0,150,250.0,24.0,16.0,,,,,,,,,,,,,,,,,,,,,,,,,
354,41,105,54.0,56,49.0,190.0,21.0,,,,,,,,,,,,,,,,,,,,,,,,,
355,74,63,10.0,205,106.0,93.0,67.0,,,,,,,,,,,,,,,,,,,,,,,,,
356,42,36,156.0,26,23.0,21.0,52.0,,,,,,,,,,,,,,,,,,,,,,,,,
357,19,20,179.0,22,28.0,37.0,20.0,,,,,,,,,,,,,,,,,,,,,,,,,
358,67,15,12.0,239,54.0,225.0,52.0,,,,,,,,,,,,,,,,,,,,,,,,,
359,74,143,250.0,250,123.0,37.0,53.0,,,,,,,,,,,,,,,,,,,,,,,,,
360,48,151,84.0,10,63.0,30.0,93.0,,,,,,,,,,,,,,,,,,,,,,,,,
361,24,19,89.0,250,22.0,94.0,250.0,,,,,,,,,,,,,,,,,,,,,,,,,
362,42,38,72.0,77,38.0,34.0,27.0,,,,,,,,,,,,,,,,,,,,,,,,,
363,15,15,74.0,218,24.0,141.0,212.0,,,,,,,,,,,,,,,,,,,,,,,,,
364,55,71,171.0,211,95.0,39.0,250.0,,,,,,,,,,,,,,,,,,,,,,,,,
365,20,102,56.0,95,19.0,80.0,31.0,,,,,,,,,,,,,,,,,,,,,,,,,
366,28,54,51.0,250,21.0,24.0,35.0,,,,,,,,,,,,,,,,,,,,,,,,,
367,31,26,250.0,14,56.0,85.0,75.0,,,,,,,,,,,,,,,,,,,,,,,,,
368,17,85,137.0,21,75.0,66.0,88.0,,,,,,,,,,,,,,,,,,,,,,,,,
369,32,91,250.0,82,32.0,45.0,31.0,,,,,,,,,,,,,,,,,,,,,,,,,
370,26,29,250.0,16,82.0,32.0,77.0,,,,,,,,,,,,,,,,,,,,,,,,,
371,25,50,56.0,250,37.0,23.0,34.0,,,,,,,,,,,,,,,,,,,,,,,,,
372,16,30,29.0,183,19.0,12.0,30.0,,,,,,,,,,,,,,,,,,,,,,,,,
373,6,20,19.0,43,49.0,20.0,153.0,,,,,,,,,,,,,,,,,,,,,,,,,
374,37,24,46.0,29,26.0,68.0,87.0,,,,,,,,,,,,,,,,,,,,,,,,,
375,37,17,250.0,208,35.0,64.0,250.0,,,,,,,,,,,,,,,,,,,,,,,,,
376,10,87,15.0,250,86.0,250.0,79.0,,,,,,,,,,,,,,,,,,,,,,,,,
377,35,71,242.0,165,30.0,71.0,14.0,,,,,,,,,,,,,,,,,,,,,,,,,
378,46,34,250.0,33,38.0,192.0,124.0,,,,,,,,,,,,,,,,,,,,,,,,,
379,52,52,250.0,103,60.0,124.0,39.0,,,,,,,,,,,,,,,,,,,,,,,,,
380,41,103,250.0,27,124.0,94.0,78.0,,,,,,,,,,,,,,,,,,,,,,,,,
381,33,204,19.0,250,47.0,30.0,70.0,,,,,,,,,,,,,,,,,,,,,,,,,
382,46,20,142.0,250,48.0,22.0,21.0,,,,,,,,,,,,,,,,,,,,,,,,,
383,17,17,100.0,92,57.0,39.0,190.0,,,,,,,,,,,,,,,,,,,,,,,,,
384,17,83,37.0,34,48.0,31.0,87.0,,,,,,,,,,,,,,,,,,,,,,,,,
385,85,104,195.0,37,66.0,168.0,77.0,,,,,,,,,,,,,,,,,,,,,,,,,
386,40,27,66.0,250,56.0,19.0,45.0,,,,,,,,,,,,,,,,,,,,,,,,,
387,39,250,61.0,250,71.0,43.0,99.0,,,,,,,,,,,,,,,,,,,,,,,,,
388,18,163,35.0,160,48.0,52.0,14.0,,,,,,,,,,,,,,,,,,,,,,,,,
389,27,18,24.0,102,17.0,68.0,166.0,,,,,,,,,,,,,,,,,,,,,,,,,
390,213,15,79.0,10,49.0,58.0,77.0,,,,,,,,,,,,,,,,,,,,,,,,,
391,55,51,250.0,250,106.0,126.0,142.0,,,,,,,,,,,,,,,,,,,,,,,,,
392,56,15,229.0,250,22.0,60.0,47.0,,,,,,,,,,,,,,,,,,,,,,,,,
393,23,114,222.0,11,61.0,25.0,250.0,,,,,,,,,,,,,,,,,,,,,,,,,
394,108,47,37.0,20,172.0,65.0,250.0,,,,,,,,,,,,,,,,,,,,,,,,,
395,36,84,69.0,51,123.0,13.0,24.0,,,,,,,,,,,,,,,,,,,,,,,,,
396,46,103,164.0,53,54.0,47.0,27.0,,,,,,,,,,,,,,,,,,,,,,,,,
397,55,33,32.0,163,180.0,39.0,154.0,,,,,,,,,,,,,,,,,,,,,,,,,
398,40,120,37.0,250,45.0,17.0,34.0,,,,,,,,,,,,,,,,,,,,,,,,,
399,38,38,107.0,47,23.0,48.0,22.0,,,,,,,,,,,,,,,,,,,,,,,,,
400,27,118,38.0,11,41.0,49.0,69.0,,,,,,,,,,,,,,,,,,,,,,,,,
401,81,34,37.0,38,29.0,37.0,14.0,,,,,,,,,,,,,,,,,,,,,,,,,
402,48,16,125.0,18,11.0,38.0,44.0,,,,,,,,,,,,,,,,,,,,,,,,,
403,22,64,207.0,179,141.0,51.0,237.0,,,,,,,,,,,,,,,,,,,,,,,,,
404,36,58,13.0,138,26.0,64.0,39.0,,,,,,,,,,,,,,,,,,,,,,,,,
405,24,41,250.0,40,27.0,19.0,31.0,,,,,,,,,,,,,,,,,,,,,,,,,
406,71,41,250.0,250,45.0,112.0,19.0,,,,,,,,,,,,,,,,,,,,,,,,,
407,17,137,48.0,250,250.0,61.0,153.0,,,,,,,,,,,,,,,,,,,,,,,,,
408,14,20,89.0,102,137.0,24.0,41.0,,,,,,,,,,,,,,,,,,,,,,,,,
409,60,38,9.0,236,180.0,41.0,171.0,,,,,,,,,,,,,,,,,,,,,,,,,
410,71,90,36.0,63,24.0,114.0,41.0,,,,,,,,,,,,,,,,,,,,,,,,,
411,39,71,169.0,120,51.0,77.0,27.0,,,,,,,,,,,,,,,,,,,,,,,,,
412,20,44,90.0,20,37.0,25.0,88.0,,,,,,,,,,,,,,,,,,,,,,,,,
413,37,126,136.0,250,59.0,22.0,67.0,,,,,,,,,,,,,,,,,,,,,,,,,
414,131,149,242.0,60,65.0,42.0,82.0,,,,,,,,,,,,,,,,,,,,,,,,,
415,53,165,52.0,250,20.0,250.0,19.0,,,,,,,,,,,,,,,,,,,,,,,,,
416,17,80,35.0,50,36.0,58.0,24.0,,,,,,,,,,,,,,,,,,,,,,,,,
417,94,172,78.0,45,54.0,167.0,111.0,,,,,,,,,,,,,,,,,,,,,,,,,
418,21,44,10.0,118,67.0,71.0,82.0,,,,,,,,,,,,,,,,,,,,,,,,,
419,115,132,250.0,18,69.0,250.0,114.0,,,,,,,,,,,,,,,,,,,,,,,,,
420,7,34,147.0,250,62.0,47.0,86.0,,,,,,,,,,,,,,,,,,,,,,,,,
421,80,9,250.0,250,56.0,38.0,24.0,,,,,,,,,,,,,,,,,,,,,,,,,
422,14,10,45.0,250,46.0,70.0,250.0,,,,,,,,,,,,,,,,,,,,,,,,,
423,56,40,74.0,26,91.0,62.0,18.0,,,,,,,,,,,,,,,,,,,,,,,,,
424,10,250,13.0,44,49.0,155.0,19.0,,,,,,,,,,,,,,,,,,,,,,,,,
425,42,131,59.0,15,15.0,84.0,71.0,,,,,,,,,,,,,,,,,,,,,,,,,
426,74,16,41.0,71,113.0,105.0,250.0,,,,,,,,,,,,,,,,,,,,,,,,,
427,34,18,62.0,7,49.0,50.0,24.0,,,,,,,,,,,,,,,,,,,,,,,,,
428,51,50,250.0,190,155.0,48.0,190.0,,,,,,,,,,,,,,,,,,,,,,,,,
429,21,32,43.0,48,65.0,23.0,42.0,,,,,,,,,,,,,,,,,,,,,,,,,
430,164,103,250.0,25,26.0,68.0,250.0,,,,,,,,,,,,,,,,,,,,,,,,,
431,73,140,82.0,250,63.0,58.0,10.0,,,,,,,,,,,,,,,,,,,,,,,,,
432,161,58,182.0,31,60.0,104.0,22.0,,,,,,,,,,,,,,,,,,,,,,,,,
433,78,32,30.0,56,51.0,25.0,77.0,,,,,,,,,,,,,,,,,,,,,,,,,
434,68,95,73.0,250,27.0,47.0,69.0,,,,,,,,,,,,,,,,,,,,,,,,,
435,27,38,66.0,110,61.0,68.0,250.0,,,,,,,,,,,,,,,,,,,,,,,,,
436,53,85,250.0,51,34.0,26.0,28.0,,,,,,,,,,,,,,,,,,,,,,,,,
437,77,44,39.0,33,10.0,39.0,14.0,,,,,,,,,,,,,,,,,,,,,,,,,
438,19,34,67.0,41,93.0,43.0,99.0,,,,,,,,,,,,,,,,,,,,,,,,,
439,37,57,250.0,54,39.0,150.0,105.0,,,,,,,,,,,,,,,,,,,,,,,,,
440,53,47,21.0,163,100.0,22.0,120.0,,,,,,,,,,,,,,,,,,,,,,,,,
441,89,204,87.0,250,83.0,250.0,250.0,,,,,,,,,,,,,,,,,,,,,,,,,
442,98,120,61.0,250,13.0,47.0,190.0,,,,,,,,,,,,,,,,,,,,,,,,,
443,47,17,27.0,43,17.0,212.0,215.0,,,,,,,,,,,,,,,,,,,,,,,,,
444,44,82,60.0,28,47.0,215.0,250.0,,,,,,,,,,,,,,,,,,,,,,,,,
445,55,59,250.0,20,75.0,79.0,37.0,,,,,,,,,,,,,,,,,,,,,,,,,
446,47,23,110.0,8,33.0,54.0,53.0,,,,,,,,,,,,,,,,,,,,,,,,,
447,45,15,31.0,166,22.0,46.0,120.0,,,,,,,,,,,,,,,,,,,,,,,,,
448,21,29,89.0,11,38.0,26.0,78.0,,,,,,,,,,,,,,,,,,,,,,,,,
449,29,61,51.0,67,84.0,27.0,53.0,,,,,,,,,,,,,,,,,,,,,,,,,
450,68,50,221.0,58,26.0,35.0,120.0,,,,,,,,,,,,,,,,,,,,,,,,,
451,71,18,193.0,207,8.0,103.0,29.0,,,,,,,,,,,,,,,,,,,,,,,,,
452,30,68,250.0,206,36.0,66.0,79.0,,,,,,,,,,,,,,,,,,,,,,,,,
453,17,17,250.0,41,33.0,84.0,79.0,,,,,,,,,,,,,,,,,,,,,,,,,
454,22,21,90.0,8,143.0,38.0,42.0,,,,,,,,,,,,,,,,,,,,,,,,,
455,134,193,26.0,49,25.0,20.0,250.0,,,,,,,,,,,,,,,,,,,,,,,,,
456,9,26,15.0,94,38.0,26.0,250.0,,,,,,,,,,,,,,,,,,,,,,,,,
457,62,139,107.0,250,19.0,146.0,24.0,,,,,,,,,,,,,,,,,,,,,,,,,
458,47,26,136.0,250,52.0,120.0,114.0,,,,,,,,,,,,,,,,,,,,,,,,,
459,24,98,4.0,250,22.0,37.0,53.0,,,,,,,,,,,,,,,,,,,,,,,,,
460,13,60,35.0,107,141.0,27.0,141.0,,,,,,,,,,,,,,,,,,,,,,,,,
461,67,22,250.0,54,38.0,99.0,250.0,,,,,,,,,,,,,,,,,,,,,,,,,
462,36,36,250.0,10,23.0,44.0,141.0,,,,,,,,,,,,,,,,,,,,,,,,,
463,91,111,81.0,36,49.0,23.0,111.0,,,,,,,,,,,,,,,,,,,,,,,,,
464,29,44,19.0,61,27.0,56.0,52.0,,,,,,,,,,,,,,,,,,,,,,,,,
465,28,52,250.0,216,34.0,19.0,77.0,,,,,,,,,,,,,,,,,,,,,,,,,
466,41,33,222.0,68,26.0,47.0,85.0,,,,,,,,,,,,,,,,,,,,,,,,,
467,71,157,82.0,250,250.0,41.0,19.0,,,,,,,,,,,,,,,,,,,,,,,,,
468,55,63,53.0,183,13.0,73.0,53.0,,,,,,,,,,,,,,,,,,,,,,,,,
469,36,24,66.0,250,14.0,36.0,250.0,,,,,,,,,,,,,,,,,,,,,,,,,
470,35,110,250.0,250,6.0,61.0,24.0,,,,,,,,,,,,,,,,,,,,,,,,,
471,250,15,44.0,53,51.0,12.0,212.0,,,,,,,,,,,,,,,,,,,,,,,,,
472,32,32,51.0,162,65.0,24.0,70.0,,,,,,,,,,,,,,,,,,,,,,,,,
473,35,112,48.0,250,94.0,250.0,37.0,,,,,,,,,,,,,,,,,,,,,,,,,
474,250,45,160.0,22,128.0,34.0,93.0,,,,,,,,,,,,,,,,,,,,,,,,,
475,62,36,250.0,250,250.0,16.0,250.0,,,,,,,,,,,,,,,,,,,,,,,,,
476,37,111,41.0,11,8.0,24.0,6.0,,,,,,,,,,,,,,,,,,,,,,,,,
477,39,65,250.0,148,38.0,39.0,120.0,,,,,,,,,,,,,,,,,,,,,,,,,
478,34,79,101.0,35,37.0,88.0,27.0,,,,,,,,,,,,,,,,,,,,,,,,,
479,29,2,42.0,21,104.0,1.0,142.0,,,,,,,,,,,,,,,,,,,,,,,,,
480,88,128,230.0,220,27.0,38.0,142.0,,,,,,,,,,,,,,,,,,,,,,,,,
481,37,42,8.0,66,49.0,13.0,250.0,,,,,,,,,,,,,,,,,,,,,,,,,
482,85,137,250.0,250,129.0,31.0,33.0,,,,,,,,,,,,,,,,,,,,,,,,,
483,63,70,16.0,78,45.0,2.0,24.0,,,,,,,,,,,,,,,,,,,,,,,,,
484,89,186,250.0,79,19.0,76.0,78.0,,,,,,,,,,,,,,,,,,,,,,,,,
485,104,25,18.0,33,32.0,37.0,31.0,,,,,,,,,,,,,,,,,,,,,,,,,
486,46,57,250.0,17,98.0,21.0,250.0,,,,,,,,,,,,,,,,,,,,,,,,,
487,30,41,250.0,111,23.0,116.0,37.0,,,,,,,,,,,,,,,,,,,,,,,,,
488,75,131,44.0,250,60.0,40.0,24.0,,,,,,,,,,,,,,,,,,,,,,,,,
489,186,18,43.0,119,154.0,36.0,47.0,,,,,,,,,,,,,,,,,,,,,,,,,
490,43,39,24.0,143,42.0,59.0,93.0,,,,,,,,,,,,,,,,,,,,,,,,,
491,34,94,39.0,46,27.0,24.0,250.0,,,,,,,,,,,,,,,,,,,,,,,,,
492,24,53,147.0,13,23.0,18.0,228.0,,,,,,,,,,,,,,,,,,,,,,,,,
493,112,14,250.0,250,93.0,81.0,28.0,,,,,,,,,,,,,,,,,,,,,,,,,
494,74,84,31.0,34,30.0,22.0,250.0,,,,,,,,,,,,,,,,,,,,,,,,,
495,41,60,65.0,29,31.0,81.0,153.0,,,,,,,,,,,,,,,,,,,,,,,,,
496,40,250,19.0,88,26.0,84.0,111.0,,,,,,,,,,,,,,,,,,,,,,,,,
497,86,41,31.0,250,20.0,24.0,190.0,,,,,,,,,,,,,,,,,,,,,,,,,
498,33,18,22.0,250,36.0,55.0,214.0,,,,,,,,,,,,,,,,,,,,,,,,,
499,250,250,25.0,250,88.0,8.0,18.0,,,,,,,,,,,,,,,,,,,,,,,,,
500,30,66,35.0,57,40.0,20.0,20.0,,,,,,,,,,,,,,,,,,,,,,,,,
501,80,35,19.0,250,22.0,121.0,250.0,,,,,,,,,,,,,,,,,,,,,,,,,
502,55,20,67.0,250,30.0,19.0,99.0,,,,,,,,,,,,,,,,,,,,,,,,,
503,78,56,19.0,44,99.0,57.0,250.0,,,,,,,,,,,,,,,,,,,,,,,,,
504,12,37,44.0,86,250.0,69.0,22.0,,,,,,,,,,,,,,,,,,,,,,,,,
505,81,51,13.0,11,30.0,34.0,85.0,,,,,,,,,,,,,,,,,,,,,,,,,
506,21,89,172.0,250,30.0,96.0,71.0,,,,,,,,,,,,,,,,,,,,,,,,,
507,110,32,243.0,35,50.0,19.0,34.0,,,,,,,,,,,,,,,,,,,,,,,,,
508,15,54,216.0,27,74.0,81.0,171.0,,,,,,,,,,,,,,,,,,,,,,,,,
509,37,18,30.0,28,56.0,53.0,166.0,,,,,,,,,,,,,,,,,,,,,,,,,
510,50,49,250.0,114,25.0,44.0,250.0,,,,,,,,,,,,,,,,,,,,,,,,,
511,86,250,65.0,52,46.0,23.0,24.0,,,,,,,,,,,,,,,,,,,,,,,,,
512,156,33,45.0,53,79.0,37.0,35.0,,,,,,,,,,,,,,,,,,,,,,,,,
513,87,61,191.0,77,17.0,42.0,111.0,,,,,,,,,,,,,,,,,,,,,,,,,
514,104,34,55.0,123,80.0,9.0,142.0,,,,,,,,,,,,,,,,,,,,,,,,,
515,45,43,52.0,20,24.0,36.0,250.0,,,,,,,,,,,,,,,,,,,,,,,,,
516,95,79,193.0,250,54.0,13.0,17.0,,,,,,,,,,,,,,,,,,,,,,,,,
517,76,27,18.0,250,34.0,250.0,2.0,,,,,,,,,,,,,,,,,,,,,,,,,
518,51,50,250.0,17,47.0,40.0,2.0,,,,,,,,,,,,,,,,,,,,,,,,,
519,10,129,126.0,57,250.0,63.0,21.0,,,,,,,,,,,,,,,,,,,,,,,,,
520,26,41,178.0,29,58.0,82.0,18.0,,,,,,,,,,,,,,,,,,,,,,,,,
521,36,112,225.0,45,74.0,60.0,31.0,,,,,,,,,,,,,,,,,,,,,,,,,
522,54,51,38.0,13,60.0,250.0,39.0,,,,,,,,,,,,,,,,,,,,,,,,,
523,13,70,20.0,239,51.0,27.0,120.0,,,,,,,,,,,,,,,,,,,,,,,,,
524,38,22,250.0,10,23.0,26.0,17.0,,,,,,,,,,,,,,,,,,,,,,,,,
525,65,95,22.0,250,80.0,60.0,19.0,,,,,,,,,,,,,,,,,,,,,,,,,
526,52,60,30.0,250,102.0,66.0,17.0,,,,,,,,,,,,,,,,,,,,,,,,,
527,38,18,39.0,219,33.0,166.0,250.0,,,,,,,,,,,,,,,,,,,,,,,,,
528,36,28,250.0,250,29.0,55.0,153.0,,,,,,,,,,,,,,,,,,,,,,,,,
529,70,67,106.0,250,7.0,29.0,33.0,,,,,,,,,,,,,,,,,,,,,,,,,
530,22,38,49.0,100,57.0,26.0,44.0,,,,,,,,,,,,,,,,,,,,,,,,,
531,8,9,102.0,15,28.0,37.0,66.0,,,,,,,,,,,,,,,,,,,,,,,,,
532,16,18,250.0,70,87.0,71.0,29.0,,,,,,,,,,,,,,,,,,,,,,,,,
533,36,11,244.0,23,50.0,47.0,2.0,,,,,,,,,,,,,,,,,,,,,,,,,
534,48,16,250.0,102,42.0,15.0,250.0,,,,,,,,,,,,,,,,,,,,,,,,,
535,33,100,111.0,41,229.0,57.0,154.0,,,,,,,,,,,,,,,,,,,,,,,,,
536,34,25,110.0,250,43.0,39.0,212.0,,,,,,,,,,,,,,,,,,,,,,,,,
537,66,29,10.0,30,29.0,23.0,77.0,,,,,,,,,,,,,,,,,,,,,,,,,
538,89,48,170.0,244,95.0,17.0,250.0,,,,,,,,,,,,,,,,,,,,,,,,,
539,132,56,250.0,250,82.0,55.0,216.0,,,,,,,,,,,,,,,,,,,,,,,,,
540,130,250,33.0,20,46.0,75.0,44.0,,,,,,,,,,,,,,,,,,,,,,,,,
541,37,55,250.0,60,34.0,67.0,21.0,,,,,,,,,,,,,,,,,,,,,,,,,
542,51,34,158.0,23,53.0,55.0,77.0,,,,,,,,,,,,,,,,,,,,,,,,,
543,9,26,123.0,250,37.0,29.0,34.0,,,,,,,,,,,,,,,,,,,,,,,,,
544,49,43,77.0,49,73.0,32.0,216.0,,,,,,,,,,,,,,,,,,,,,,,,,
545,67,83,78.0,42,29.0,32.0,250.0,,,,,,,,,,,,,,,,,,,,,,,,,
546,47,83,40.0,250,10.0,9.0,22.0,,,,,,,,,,,,,,,,,,,,,,,,,
547,28,122,250.0,250,15.0,57.0,141.0,,,,,,,,,,,,,,,,,,,,,,,,,
548,134,23,26.0,250,250.0,13.0,212.0,,,,,,,,,,,,,,,,,,,,,,,,,
549,96,105,29.0,32,8.0,61.0,24.0,,,,,,,,,,,,,,,,,,,,,,,,,
550,32,29,137.0,51,47.0,14.0,16.0,,,,,,,,,,,,,,,,,,,,,,,,,
551,12,25,46.0,124,250.0,153.0,250.0,,,,,,,,,,,,,,,,,,,,,,,,,
552,12,32,250.0,250,64.0,21.0,53.0,,,,,,,,,,,,,,,,,,,,,,,,,
553,71,128,10.0,18,96.0,96.0,75.0,,,,,,,,,,,,,,,,,,,,,,,,,
554,27,30,25.0,250,30.0,250.0,42.0,,,,,,,,,,,,,,,,,,,,,,,,,
555,35,34,11.0,250,52.0,93.0,10.0,,,,,,,,,,,,,,,,,,,,,,,,,
556,27,40,250.0,145,43.0,10.0,20.0,,,,,,,,,,,,,,,,,,,,,,,,,
557,72,80,221.0,25,24.0,41.0,30.0,,,,,,,,,,,,,,,,,,,,,,,,,
558,22,28,250.0,250,48.0,140.0,14.0,,,,,,,,,,,,,,,,,,,,,,,,,
559,41,19,78.0,250,82.0,128.0,228.0,,,,,,,,,,,,,,,,,,,,,,,,,
560,90,44,214.0,93,20.0,250.0,69.0,,,,,,,,,,,,,,,,,,,,,,,,,
561,24,207,31.0,138,57.0,101.0,118.0,,,,,,,,,,,,,,,,,,,,,,,,,
562,68,23,20.0,147,25.0,250.0,53.0,,,,,,,,,,,,,,,,,,,,,,,,,
563,18,15,146.0,57,36.0,28.0,166.0,,,,,,,,,,,,,,,,,,,,,,,,,
564,56,250,13.0,250,81.0,250.0,16.0,,,,,,,,,,,,,,,,,,,,,,,,,
565,113,20,168.0,24,23.0,79.0,70.0,,,,,,,,,,,,,,,,,,,,,,,,,
566,44,116,103.0,250,75.0,75.0,190.0,,,,,,,,,,,,,,,,,,,,,,,,,
567,45,38,133.0,38,53.0,142.0,2.0,,,,,,,,,,,,,,,,,,,,,,,,,
568,23,71,43.0,55,250.0,250.0,24.0,,,,,,,,,,,,,,,,,,,,,,,,,
569,100,138,250.0,50,35.0,6.0,87.0,,,,,,,,,,,,,,,,,,,,,,,,,
570,15,93,228.0,27,21.0,77.0,50.0,,,,,,,,,,,,,,,,,,,,,,,,,
571,24,150,18.0,218,33.0,86.0,10.0,,,,,,,,,,,,,,,,,,,,,,,,,
572,250,116,165.0,60,13.0,125.0,10.0,,,,,,,,,,,,,,,,,,,,,,,,,
573,33,27,250.0,15,25.0,55.0,250.0,,,,,,,,,,,,,,,,,,,,,,,,,
574,18,47,250.0,67,36.0,161.0,250.0,,,,,,,,,,,,,,,,,,,,,,,,,
575,31,146,95.0,49,18.0,30.0,20.0,,,,,,,,,,,,,,,,,,,,,,,,,
576,23,17,49.0,47,41.0,250.0,154.0,,,,,,,,,,,,,,,,,,,,,,,,,
577,73,132,22.0,138,8.0,46.0,79.0,,,,,,,,,,,,,,,,,,,,,,,,,
578,33,16,114.0,94,29.0,40.0,118.0,,,,,,,,,,,,,,,,,,,,,,,,,
579,100,29,28.0,40,40.0,166.0,17.0,,,,,,,,,,,,,,,,,,,,,,,,,
580,53,79,28.0,10,25.0,15.0,250.0,,,,,,,,,,,,,,,,,,,,,,,,,
581,60,48,61.0,32,49.0,34.0,250.0,,,,,,,,,,,,,,,,,,,,,,,,,
582,24,21,24.0,137,65.0,39.0,35.0,,,,,,,,,,,,,,,,,,,,,,,,,
583,26,36,107.0,210,22.0,59.0,69.0,,,,,,,,,,,,,,,,,,,,,,,,,
584,66,250,191.0,48,46.0,40.0,19.0,,,,,,,,,,,,,,,,,,,,,,,,,
585,33,78,241.0,84,56.0,26.0,111.0,,,,,,,,,,,,,,,,,,,,,,,,,
586,78,52,250.0,21,100.0,75.0,124.0,,,,,,,,,,,,,,,,,,,,,,,,,
587,36,33,8.0,82,47.0,78.0,87.0,,,,,,,,,,,,,,,,,,,,,,,,,
588,69,250,250.0,147,62.0,23.0,88.0,,,,,,,,,,,,,,,,,,,,,,,,,
589,44,11,250.0,95,60.0,17.0,87.0,,,,,,,,,,,,,,,,,,,,,,,,,
590,78,114,208.0,203,37.0,37.0,77.0,,,,,,,,,,,,,,,,,,,,,,,,,
591,40,78,250.0,26,55.0,157.0,35.0,,,,,,,,,,,,,,,,,,,,,,,,,
592,17,25,87.0,250,23.0,47.0,70.0,,,,,,,,,,,,,,,,,,,,,,,,,
593,250,250,6.0,22,57.0,250.0,20.0,,,,,,,,,,,,,,,,,,,,,,,,,
594,28,41,108.0,22,13.0,120.0,34.0,,,,,,,,,,,,,,,,,,,,,,,,,
595,30,78,16.0,72,38.0,105.0,67.0,,,,,,,,,,,,,,,,,,,,,,,,,
596,15,34,33.0,25,8.0,36.0,190.0,,,,,,,,,,,,,,,,,,,,,,,,,
597,36,31,65.0,109,12.0,250.0,39.0,,,,,,,,,,,,,,,,,,,,,,,,,
598,250,230,143.0,250,66.0,63.0,44.0,,,,,,,,,,,,,,,,,,,,,,,,,
599,120,49,25.0,46,57.0,99.0,82.0,,,,,,,,,,,,,,,,,,,,,,,,,
600,78,76,242.0,28,123.0,23.0,19.0,,,,,,,,,,,,,,,,,,,,,,,,,
601,52,9,91.0,115,36.0,38.0,88.0,,,,,,,,,,,,,,,,,,,,,,,,,
602,90,127,250.0,104,20.0,70.0,85.0,,,,,,,,,,,,,,,,,,,,,,,,,
603,89,250,118.0,250,44.0,250.0,237.0,,,,,,,,,,,,,,,,,,,,,,,,,
604,16,41,29.0,250,6.0,55.0,71.0,,,,,,,,,,,,,,,,,,,,,,,,,
605,9,30,49.0,40,28.0,31.0,45.0,,,,,,,,,,,,,,,,,,,,,,,,,
606,19,21,250.0,59,144.0,67.0,75.0,,,,,,,,,,,,,,,,,,,,,,,,,
607,31,58,97.0,215,92.0,19.0,250.0,,,,,,,,,,,,,,,,,,,,,,,,,
608,77,48,12.0,216,82.0,81.0,44.0,,,,,,,,,,,,,,,,,,,,,,,,,
609,22,30,139.0,21,21.0,41.0,21.0,,,,,,,,,,,,,,,,,,,,,,,,,
610,87,44,40.0,41,12.0,83.0,250.0,,,,,,,,,,,,,,,,,,,,,,,,,
611,70,103,74.0,38,27.0,15.0,39.0,,,,,,,,,,,,,,,,,,,,,,,,,
612,46,113,119.0,82,14.0,22.0,70.0,,,,,,,,,,,,,,,,,,,,,,,,,
613,120,50,62.0,64,33.0,20.0,31.0,,,,,,,,,,,,,,,,,,,,,,,,,
614,87,203,250.0,44,11.0,42.0,20.0,,,,,,,,,,,,,,,,,,,,,,,,,
615,64,46,250.0,250,41.0,87.0,34.0,,,,,,,,,,,,,,,,,,,,,,,,,
616,13,17,91.0,237,71.0,76.0,20.0,,,,,,,,,,,,,,,,,,,,,,,,,
617,21,64,187.0,55,21.0,30.0,69.0,,,,,,,,,,,,,,,,,,,,,,,,,
618,44,16,250.0,14,11.0,250.0,190.0,,,,,,,,,,,,,,,,,,,,,,,,,
619,47,34,57.0,213,52.0,34.0,22.0,,,,,,,,,,,,,,,,,,,,,,,,,
620,25,24,68.0,227,23.0,124.0,237.0,,,,,,,,,,,,,,,,,,,,,,,,,
621,86,41,250.0,21,45.0,47.0,250.0,,,,,,,,,,,,,,,,,,,,,,,,,
622,118,153,188.0,162,134.0,250.0,250.0,,,,,,,,,,,,,,,,,,,,,,,,,
623,73,119,66.0,40,25.0,63.0,18.0,,,,,,,,,,,,,,,,,,,,,,,,,
624,75,78,222.0,36,72.0,250.0,250.0,,,,,,,,,,,,,,,,,,,,,,,,,
625,56,53,250.0,24,72.0,41.0,53.0,,,,,,,,,,,,,,,,,,,,,,,,,
626,60,97,60.0,24,174.0,26.0,250.0,,,,,,,,,,,,,,,,,,,,,,,,,
627,250,127,239.0,14,18.0,48.0,99.0,,,,,,,,,,,,,,,,,,,,,,,,,
628,34,17,118.0,7,39.0,70.0,118.0,,,,,,,,,,,,,,,,,,,,,,,,,
629,68,52,32.0,250,19.0,32.0,86.0,,,,,,,,,,,,,,,,,,,,,,,,,
630,7,138,47.0,41,37.0,86.0,171.0,,,,,,,,,,,,,,,,,,,,,,,,,
631,14,68,10.0,91,50.0,55.0,75.0,,,,,,,,,,,,,,,,,,,,,,,,,
632,250,250,115.0,20,37.0,153.0,33.0,,,,,,,,,,,,,,,,,,,,,,,,,
633,70,66,70.0,20,137.0,29.0,21.0,,,,,,,,,,,,,,,,,,,,,,,,,
634,79,58,37.0,250,19.0,113.0,250.0,,,,,,,,,,,,,,,,,,,,,,,,,
635,42,38,72.0,110,64.0,95.0,19.0,,,,,,,,,,,,,,,,,,,,,,,,,
636,134,60,67.0,250,35.0,34.0,250.0,,,,,,,,,,,,,,,,,,,,,,,,,
637,23,66,184.0,250,56.0,114.0,29.0,,,,,,,,,,,,,,,,,,,,,,,,,
638,57,81,37.0,39,104.0,137.0,30.0,,,,,,,,,,,,,,,,,,,,,,,,,
639,66,29,52.0,250,46.0,22.0,250.0,,,,,,,,,,,,,,,,,,,,,,,,,
640,41,22,16.0,31,163.0,250.0,250.0,,,,,,,,,,,,,,,,,,,,,,,,,
641,31,85,250.0,11,40.0,18.0,124.0,,,,,,,,,,,,,,,,,,,,,,,,,
642,44,31,52.0,250,23.0,31.0,34.0,,,,,,,,,,,,,,,,,,,,,,,,,
643,40,57,15.0,250,21.0,23.0,93.0,,,,,,,,,,,,,,,,,,,,,,,,,
644,26,96,219.0,250,32.0,67.0,114.0,,,,,,,,,,,,,,,,,,,,,,,,,
645,22,17,237.0,86,100.0,84.0,82.0,,,,,,,,,,,,,,,,,,,,,,,,,
646,114,26,190.0,250,28.0,17.0,114.0,,,,,,,,,,,,,,,,,,,,,,,,,
647,44,31,16.0,15,18.0,150.0,22.0,,,,,,,,,,,,,,,,,,,,,,,,,
648,34,173,15.0,80,38.0,40.0,250.0,,,,,,,,,,,,,,,,,,,,,,,,,
649,70,17,250.0,13,18.0,250.0,29.0,,,,,,,,,,,,,,,,,,,,,,,,,
650,61,32,150.0,36,30.0,28.0,250.0,,,,,,,,,,,,,,,,,,,,,,,,,
651,54,41,25.0,14,30.0,190.0,250.0,,,,,,,,,,,,,,,,,,,,,,,,,
652,40,28,11.0,204,11.0,43.0,250.0,,,,,,,,,,,,,,,,,,,,,,,,,
653,38,58,250.0,37,20.0,85.0,41.0,,,,,,,,,,,,,,,,,,,,,,,,,
654,25,27,242.0,250,100.0,35.0,250.0,,,,,,,,,,,,,,,,,,,,,,,,,
655,50,20,24.0,63,61.0,78.0,77.0,,,,,,,,,,,,,,,,,,,,,,,,,
656,158,75,101.0,250,27.0,12.0,237.0,,,,,,,,,,,,,,,,,,,,,,,,,
657,52,80,51.0,59,64.0,80.0,16.0,,,,,,,,,,,,,,,,,,,,,,,,,
658,8,17,43.0,21,250.0,27.0,85.0,,,,,,,,,,,,,,,,,,,,,,,,,
659,42,48,15.0,111,140.0,91.0,44.0,,,,,,,,,,,,,,,,,,,,,,,,,
660,53,50,138.0,21,36.0,16.0,250.0,,,,,,,,,,,,,,,,,,,,,,,,,
661,230,250,66.0,49,6.0,141.0,216.0,,,,,,,,,,,,,,,,,,,,,,,,,
662,64,69,22.0,141,16.0,18.0,166.0,,,,,,,,,,,,,,,,,,,,,,,,,
663,77,28,113.0,88,22.0,25.0,24.0,,,,,,,,,,,,,,,,,,,,,,,,,
664,14,24,181.0,250,250.0,102.0,14.0,,,,,,,,,,,,,,,,,,,,,,,,,
665,25,30,250.0,228,56.0,250.0,22.0,,,,,,,,,,,,,,,,,,,,,,,,,
666,52,19,55.0,20,34.0,250.0,118.0,,,,,,,,,,,,,,,,,,,,,,,,,
667,36,57,241.0,250,112.0,216.0,39.0,,,,,,,,,,,,,,,,,,,,,,,,,
668,69,17,27.0,52,16.0,39.0,19.0,,,,,,,,,,,,,,,,,,,,,,,,,
669,16,13,30.0,250,42.0,38.0,24.0,,,,,,,,,,,,,,,,,,,,,,,,,
670,58,28,58.0,250,62.0,9.0,93.0,,,,,,,,,,,,,,,,,,,,,,,,,
671,29,250,44.0,88,72.0,250.0,24.0,,,,,,,,,,,,,,,,,,,,,,,,,
672,21,250,125.0,169,27.0,43.0,53.0,,,,,,,,,,,,,,,,,,,,,,,,,
673,68,19,108.0,207,198.0,51.0,118.0,,,,,,,,,,,,,,,,,,,,,,,,,
674,59,41,250.0,164,32.0,114.0,71.0,,,,,,,,,,,,,,,,,,,,,,,,,
675,60,28,7.0,132,44.0,250.0,237.0,,,,,,,,,,,,,,,,,,,,,,,,,
676,55,51,8.0,56,101.0,250.0,250.0,,,,,,,,,,,,,,,,,,,,,,,,,
677,34,88,250.0,148,46.0,44.0,190.0,,,,,,,,,,,,,,,,,,,,,,,,,
678,73,217,35.0,10,17.0,45.0,215.0,,,,,,,,,,,,,,,,,,,,,,,,,
679,36,43,250.0,73,67.0,129.0,250.0,,,,,,,,,,,,,,,,,,,,,,,,,
680,25,42,40.0,39,20.0,18.0,69.0,,,,,,,,,,,,,,,,,,,,,,,,,
681,59,22,44.0,176,146.0,19.0,142.0,,,,,,,,,,,,,,,,,,,,,,,,,
682,23,97,8.0,250,67.0,74.0,250.0,,,,,,,,,,,,,,,,,,,,,,,,,
683,25,28,250.0,183,61.0,33.0,67.0,,,,,,,,,,,,,,,,,,,,,,,,,
684,74,46,45.0,105,45.0,250.0,52.0,,,,,,,,,,,,,,,,,,,,,,,,,
685,24,16,166.0,20,20.0,53.0,14.0,,,,,,,,,,,,,,,,,,,,,,,,,
686,20,39,250.0,11,26.0,250.0,250.0,,,,,,,,,,,,,,,,,,,,,,,,,
687,25,92,66.0,89,27.0,194.0,85.0,,,,,,,,,,,,,,,,,,,,,,,,,
688,33,21,114.0,47,22.0,69.0,250.0,,,,,,,,,,,,,,,,,,,,,,,,,
689,17,46,103.0,33,101.0,53.0,33.0,,,,,,,,,,,,,,,,,,,,,,,,,
690,22,250,115.0,174,27.0,170.0,86.0,,,,,,,,,,,,,,,,,,,,,,,,,
691,35,91,172.0,118,48.0,171.0,250.0,,,,,,,,,,,,,,,,,,,,,,,,,
692,23,15,36.0,31,30.0,27.0,41.0,,,,,,,,,,,,,,,,,,,,,,,,,
693,79,75,140.0,151,35.0,64.0,6.0,,,,,,,,,,,,,,,,,,,,,,,,,
694,126,73,1.0,121,119.0,24.0,42.0,,,,,,,,,,,,,,,,,,,,,,,,,
695,66,30,33.0,57,14.0,126.0,47.0,,,,,,,,,,,,,,,,,,,,,,,,,
696,52,76,58.0,250,22.0,85.0,41.0,,,,,,,,,,,,,,,,,,,,,,,,,
697,9,19,250.0,23,32.0,23.0,79.0,,,,,,,,,,,,,,,,,,,,,,,,,
698,13,23,250.0,250,134.0,47.0,29.0,,,,,,,,,,,,,,,,,,,,,,,,,
699,42,84,123.0,41,86.0,29.0,34.0,,,,,,,,,,,,,,,,,,,,,,,,,
700,76,114,56.0,50,107.0,77.0,250.0,,,,,,,,,,,,,,,,,,,,,,,,,
701,49,20,250.0,41,87.0,250.0,22.0,,,,,,,,,,,,,,,,,,,,,,,,,
702,33,16,250.0,211,25.0,213.0,14.0,,,,,,,,,,,,,,,,,,,,,,,,,
703,37,118,143.0,9,23.0,48.0,79.0,,,,,,,,,,,,,,,,,,,,,,,,,
704,38,250,250.0,74,53.0,48.0,16.0,,,,,,,,,,,,,,,,,,,,,,,,,
705,250,38,17.0,67,49.0,23.0,22.0,,,,,,,,,,,,,,,,,,,,,,,,,
706,52,163,33.0,53,63.0,250.0,24.0,,,,,,,,,,,,,,,,,,,,,,,,,
707,67,61,250.0,190,55.0,36.0,215.0,,,,,,,,,,,,,,,,,,,,,,,,,
708,32,55,217.0,250,41.0,111.0,250.0,,,,,,,,,,,,,,,,,,,,,,,,,
709,77,128,250.0,18,37.0,28.0,141.0,,,,,,,,,,,,,,,,,,,,,,,,,
710,109,120,144.0,32,26.0,105.0,77.0,,,,,,,,,,,,,,,,,,,,,,,,,
711,53,17,126.0,136,35.0,14.0,24.0,,,,,,,,,,,,,,,,,,,,,,,,,
712,111,39,49.0,17,48.0,43.0,22.0,,,,,,,,,,,,,,,,,,,,,,,,,
713,56,215,93.0,39,31.0,118.0,42.0,,,,,,,,,,,,,,,,,,,,,,,,,
714,103,48,59.0,48,85.0,50.0,53.0,,,,,,,,,,,,,,,,,,,,,,,,,
715,42,26,15.0,211,66.0,45.0,78.0,,,,,,,,,,,,,,,,,,,,,,,,,
716,56,40,70.0,11,16.0,12.0,45.0,,,,,,,,,,,,,,,,,,,,,,,,,
717,47,12,61.0,18,46.0,33.0,142.0,,,,,,,,,,,,,,,,,,,,,,,,,
718,18,153,114.0,16,250.0,40.0,79.0,,,,,,,,,,,,,,,,,,,,,,,,,
719,50,250,89.0,34,15.0,77.0,250.0,,,,,,,,,,,,,,,,,,,,,,,,,
720,63,46,20.0,77,28.0,61.0,82.0,,,,,,,,,,,,,,,,,,,,,,,,,
721,18,16,250.0,31,120.0,31.0,214.0,,,,,,,,,,,,,,,,,,,,,,,,,
722,11,97,43.0,241,20.0,49.0,88.0,,,,,,,,,,,,,,,,,,,,,,,,,
723,36,53,125.0,21,44.0,65.0,250.0,,,,,,,,,,,,,,,,,,,,,,,,,
724,21,13,37.0,17,35.0,21.0,250.0,,,,,,,,,,,,,,,,,,,,,,,,,
725,53,20,35.0,17,22.0,88.0,39.0,,,,,,,,,,,,,,,,,,,,,,,,,
726,107,53,103.0,40,47.0,25.0,45.0,,,,,,,,,,,,,,,,,,,,,,,,,
727,40,93,36.0,42,14.0,52.0,24.0,,,,,,,,,,,,,,,,,,,,,,,,,
728,51,16,26.0,250,57.0,94.0,37.0,,,,,,,,,,,,,,,,,,,,,,,,,
729,36,22,69.0,22,39.0,23.0,6.0,,,,,,,,,,,,,,,,,,,,,,,,,
730,37,65,11.0,26,25.0,12.0,215.0,,,,,,,,,,,,,,,,,,,,,,,,,
731,54,101,40.0,250,13.0,69.0,53.0,,,,,,,,,,,,,,,,,,,,,,,,,
732,71,18,16.0,42,40.0,29.0,79.0,,,,,,,,,,,,,,,,,,,,,,,,,
733,83,49,144.0,36,31.0,22.0,24.0,,,,,,,,,,,,,,,,,,,,,,,,,
734,144,70,14.0,60,59.0,69.0,154.0,,,,,,,,,,,,,,,,,,,,,,,,,
735,68,250,41.0,250,18.0,217.0,52.0,,,,,,,,,,,,,,,,,,,,,,,,,
736,24,220,18.0,107,20.0,56.0,24.0,,,,,,,,,,,,,,,,,,,,,,,,,
737,58,82,250.0,18,122.0,250.0,69.0,,,,,,,,,,,,,,,,,,,,,,,,,
738,40,133,241.0,86,15.0,147.0,87.0,,,,,,,,,,,,,,,,,,,,,,,,,
739,30,2,142.0,250,53.0,87.0,77.0,,,,,,,,,,,,,,,,,,,,,,,,,
740,44,59,17.0,191,75.0,23.0,34.0,,,,,,,,,,,,,,,,,,,,,,,,,
741,39,250,26.0,65,46.0,32.0,120.0,,,,,,,,,,,,,,,,,,,,,,,,,
742,65,27,19.0,39,14.0,77.0,118.0,,,,,,,,,,,,,,,,,,,,,,,,,
743,58,250,250.0,99,135.0,63.0,2.0,,,,,,,,,,,,,,,,,,,,,,,,,
744,43,250,250.0,63,28.0,67.0,124.0,,,,,,,,,,,,,,,,,,,,,,,,,
745,136,67,140.0,16,64.0,24.0,250.0,,,,,,,,,,,,,,,,,,,,,,,,,
746,212,213,51.0,220,35.0,35.0,24.0,,,,,,,,,,,,,,,,,,,,,,,,,
747,37,250,97.0,245,58.0,55.0,82.0,,,,,,,,,,,,,,,,,,,,,,,,,
748,187,66,63.0,141,86.0,84.0,214.0,,,,,,,,,,,,,,,,,,,,,,,,,
749,169,62,245.0,61,37.0,78.0,69.0,,,,,,,,,,,,,,,,,,,,,,,,,
750,35,90,78.0,120,15.0,33.0,34.0,,,,,,,,,,,,,,,,,,,,,,,,,
751,27,91,250.0,41,30.0,46.0,154.0,,,,,,,,,,,,,,,,,,,,,,,,,
752,80,45,16.0,19,13.0,40.0,45.0,,,,,,,,,,,,,,,,,,,,,,,,,
753,56,250,21.0,250,24.0,27.0,250.0,,,,,,,,,,,,,,,,,,,,,,,,,
754,250,250,250.0,102,12.0,78.0,166.0,,,,,,,,,,,,,,,,,,,,,,,,,
755,58,23,250.0,250,58.0,37.0,250.0,,,,,,,,,,,,,,,,,,,,,,,,,
756,49,70,250.0,8,129.0,67.0,29.0,,,,,,,,,,,,,,,,,,,,,,,,,
757,50,125,250.0,53,102.0,16.0,154.0,,,,,,,,,,,,,,,,,,,,,,,,,
758,39,35,116.0,128,31.0,65.0,39.0,,,,,,,,,,,,,,,,,,,,,,,,,
759,16,29,77.0,167,39.0,94.0,124.0,,,,,,,,,,,,,,,,,,,,,,,,,
760,90,102,123.0,35,57.0,19.0,250.0,,,,,,,,,,,,,,,,,,,,,,,,,
761,19,13,13.0,250,23.0,53.0,78.0,,,,,,,,,,,,,,,,,,,,,,,,,
762,27,2,250.0,54,10.0,41.0,22.0,,,,,,,,,,,,,,,,,,,,,,,,,
763,63,93,11.0,190,71.0,22.0,24.0,,,,,,,,,,,,,,,,,,,,,,,,,
764,37,37,16.0,250,127.0,64.0,53.0,,,,,,,,,,,,,,,,,,,,,,,,,
765,54,16,147.0,38,61.0,33.0,39.0,,,,,,,,,,,,,,,,,,,,,,,,,
766,250,250,44.0,19,18.0,97.0,18.0,,,,,,,,,,,,,,,,,,,,,,,,,
767,55,27,33.0,250,23.0,56.0,215.0,,,,,,,,,,,,,,,,,,,,,,,,,
768,91,33,47.0,250,28.0,65.0,69.0,,,,,,,,,,,,,,,,,,,,,,,,,
769,64,250,78.0,16,37.0,54.0,22.0,,,,,,,,,,,,,,,,,,,,,,,,,
770,74,102,72.0,15,51.0,29.0,216.0,,,,,,,,,,,,,,,,,,,,,,,,,
771,112,58,102.0,40,38.0,101.0,250.0,,,,,,,,,,,,,,,,,,,,,,,,,
772,212,170,57.0,16,47.0,78.0,215.0,,,,,,,,,,,,,,,,,,,,,,,,,
773,75,250,55.0,123,110.0,13.0,82.0,,,,,,,,,,,,,,,,,,,,,,,,,
774,71,43,23.0,21,9.0,18.0,216.0,,,,,,,,,,,,,,,,,,,,,,,,,
775,74,81,79.0,243,19.0,10.0,53.0,,,,,,,,,,,,,,,,,,,,,,,,,
776,28,33,61.0,250,97.0,107.0,105.0,,,,,,,,,,,,,,,,,,,,,,,,,
777,41,19,242.0,250,85.0,31.0,22.0,,,,,,,,,,,,,,,,,,,,,,,,,
778,37,31,250.0,76,26.0,29.0,24.0,,,,,,,,,,,,,,,,,,,,,,,,,
779,87,150,24.0,122,9.0,9.0,66.0,,,,,,,,,,,,,,,,,,,,,,,,,
780,63,21,141.0,72,37.0,34.0,2.0,,,,,,,,,,,,,,,,,,,,,,,,,
781,23,98,101.0,250,31.0,38.0,228.0,,,,,,,,,,,,,,,,,,,,,,,,,
782,17,53,189.0,14,114.0,35.0,69.0,,,,,,,,,,,,,,,,,,,,,,,,,
783,28,44,250.0,250,38.0,58.0,250.0,,,,,,,,,,,,,,,,,,,,,,,,,
784,44,29,46.0,105,24.0,54.0,69.0,,,,,,,,,,,,,,,,,,,,,,,,,
785,20,33,17.0,53,178.0,135.0,34.0,,,,,,,,,,,,,,,,,,,,,,,,,
786,12,35,39.0,39,9.0,17.0,142.0,,,,,,,,,,,,,,,,,,,,,,,,,
787,33,207,61.0,24,41.0,168.0,75.0,,,,,,,,,,,,,,,,,,,,,,,,,
788,48,72,122.0,112,45.0,26.0,33.0,,,,,,,,,,,,,,,,,,,,,,,,,
789,44,40,58.0,79,27.0,60.0,75.0,,,,,,,,,,,,,,,,,,,,,,,,,
790,21,84,36.0,78,15.0,22.0,77.0,,,,,,,,,,,,,,,,,,,,,,,,,
791,109,162,34.0,250,106.0,35.0,14.0,,,,,,,,,,,,,,,,,,,,,,,,,
792,37,56,176.0,250,129.0,35.0,85.0,,,,,,,,,,,,,,,,,,,,,,,,,
793,63,96,45.0,20,38.0,66.0,66.0,,,,,,,,,,,,,,,,,,,,,,,,,
794,24,45,19.0,95,40.0,250.0,99.0,,,,,,,,,,,,,,,,,,,,,,,,,
795,95,59,23.0,22,40.0,110.0,215.0,,,,,,,,,,,,,,,,,,,,,,,,,
796,149,25,250.0,105,16.0,93.0,87.0,,,,,,,,,,,,,,,,,,,,,,,,,
797,170,19,48.0,98,68.0,37.0,22.0,,,,,,,,,,,,,,,,,,,,,,,,,
798,168,130,65.0,136,62.0,82.0,24.0,,,,,,,,,,,,,,,,,,,,,,,,,
799,25,35,60.0,201,24.0,29.0,141.0,,,,,,,,,,,,,,,,,,,,,,,,,
800,139,39,30.0,250,56.0,24.0,105.0,,,,,,,,,,,,,,,,,,,,,,,,,
801,65,9,250.0,116,31.0,29.0,87.0,,,,,,,,,,,,,,,,,,,,,,,,,
802,49,77,193.0,107,52.0,18.0,105.0,,,,,,,,,,,,,,,,,,,,,,,,,
803,21,87,250.0,25,140.0,53.0,250.0,,,,,,,,,,,,,,,,,,,,,,,,,
804,44,31,36.0,94,41.0,64.0,21.0,,,,,,,,,,,,,,,,,,,,,,,,,
805,17,76,35.0,146,26.0,51.0,30.0,,,,,,,,,,,,,,,,,,,,,,,,,
806,27,250,23.0,250,42.0,170.0,237.0,,,,,,,,,,,,,,,,,,,,,,,,,
807,19,74,6.0,250,48.0,15.0,2.0,,,,,,,,,,,,,,,,,,,,,,,,,
808,50,250,10.0,250,250.0,49.0,20.0,,,,,,,,,,,,,,,,,,,,,,,,,
809,250,250,33.0,51,13.0,70.0,47.0,,,,,,,,,,,,,,,,,,,,,,,,,
810,62,82,78.0,250,58.0,35.0,30.0,,,,,,,,,,,,,,,,,,,,,,,,,
811,35,29,250.0,21,47.0,21.0,93.0,,,,,,,,,,,,,,,,,,,,,,,,,
812,45,35,250.0,6,40.0,53.0,18.0,,,,,,,,,,,,,,,,,,,,,,,,,
813,21,41,10.0,10,28.0,42.0,237.0,,,,,,,,,,,,,,,,,,,,,,,,,
814,250,250,134.0,69,25.0,71.0,250.0,,,,,,,,,,,,,,,,,,,,,,,,,
815,11,133,250.0,78,53.0,190.0,250.0,,,,,,,,,,,,,,,,,,,,,,,,,
816,58,250,23.0,80,37.0,250.0,19.0,,,,,,,,,,,,,,,,,,,,,,,,,
817,39,36,250.0,15,155.0,19.0,93.0,,,,,,,,,,,,,,,,,,,,,,,,,
818,51,37,36.0,26,72.0,81.0,79.0,,,,,,,,,,,,,,,,,,,,,,,,,
819,127,156,164.0,182,160.0,51.0,6.0,,,,,,,,,,,,,,,,,,,,,,,,,
820,94,112,143.0,16,61.0,250.0,37.0,,,,,,,,,,,,,,,,,,,,,,,,,
821,19,68,35.0,12,28.0,14.0,250.0,,,,,,,,,,,,,,,,,,,,,,,,,
822,33,55,156.0,22,53.0,37.0,24.0,,,,,,,,,,,,,,,,,,,,,,,,,
823,14,68,107.0,11,27.0,113.0,190.0,,,,,,,,,,,,,,,,,,,,,,,,,
824,40,79,14.0,250,10.0,94.0,87.0,,,,,,,,,,,,,,,,,,,,,,,,,
825,35,94,31.0,70,19.0,51.0,22.0,,,,,,,,,,,,,,,,,,,,,,,,,
826,28,29,63.0,237,27.0,27.0,30.0,,,,,,,,,,,,,,,,,,,,,,,,,
827,40,37,63.0,46,62.0,77.0,19.0,,,,,,,,,,,,,,,,,,,,,,,,,
828,42,35,250.0,185,47.0,144.0,53.0,,,,,,,,,,,,,,,,,,,,,,,,,
829,95,30,29.0,13,43.0,26.0,166.0,,,,,,,,,,,,,,,,,,,,,,,,,
830,62,23,250.0,28,17.0,42.0,45.0,,,,,,,,,,,,,,,,,,,,,,,,,
831,42,25,39.0,38,11.0,169.0,16.0,,,,,,,,,,,,,,,,,,,,,,,,,
832,161,148,250.0,127,19.0,88.0,250.0,,,,,,,,,,,,,,,,,,,,,,,,,
833,33,39,17.0,149,132.0,25.0,44.0,,,,,,,,,,,,,,,,,,,,,,,,,
834,43,100,111.0,17,53.0,235.0,212.0,,,,,,,,,,,,,,,,,,,,,,,,,
835,74,160,76.0,13,60.0,24.0,24.0,,,,,,,,,,,,,,,,,,,,,,,,,
836,56,103,114.0,250,16.0,35.0,47.0,,,,,,,,,,,,,,,,,,,,,,,,,
837,58,141,25.0,90,28.0,27.0,124.0,,,,,,,,,,,,,,,,,,,,,,,,,
838,16,12,250.0,26,52.0,16.0,53.0,,,,,,,,,,,,,,,,,,,,,,,,,
839,96,42,187.0,86,43.0,62.0,22.0,,,,,,,,,,,,,,,,,,,,,,,,,
840,22,163,250.0,250,65.0,53.0,20.0,,,,,,,,,,,,,,,,,,,,,,,,,
841,34,12,250.0,109,56.0,250.0,250.0,,,,,,,,,,,,,,,,,,,,,,,,,
842,38,18,250.0,23,71.0,31.0,30.0,,,,,,,,,,,,,,,,,,,,,,,,,
843,9,25,193.0,101,49.0,149.0,250.0,,,,,,,,,,,,,,,,,,,,,,,,,
844,49,52,80.0,87,250.0,55.0,47.0,,,,,,,,,,,,,,,,,,,,,,,,,
845,54,42,111.0,250,171.0,61.0,250.0,,,,,,,,,,,,,,,,,,,,,,,,,
846,30,33,59.0,115,34.0,250.0,39.0,,,,,,,,,,,,,,,,,,,,,,,,,
847,250,21,250.0,250,46.0,21.0,93.0,,,,,,,,,,,,,,,,,,,,,,,,,
848,15,14,92.0,30,39.0,76.0,216.0,,,,,,,,,,,,,,,,,,,,,,,,,
849,117,53,250.0,198,15.0,43.0,53.0,,,,,,,,,,,,,,,,,,,,,,,,,
850,89,18,250.0,250,13.0,62.0,120.0,,,,,,,,,,,,,,,,,,,,,,,,,
851,14,17,35.0,130,37.0,62.0,16.0,,,,,,,,,,,,,,,,,,,,,,,,,
852,91,250,82.0,196,13.0,24.0,24.0,,,,,,,,,,,,,,,,,,,,,,,,,
853,43,20,250.0,21,62.0,57.0,77.0,,,,,,,,,,,,,,,,,,,,,,,,,
854,41,16,137.0,113,80.0,28.0,250.0,,,,,,,,,,,,,,,,,,,,,,,,,
855,49,24,53.0,25,91.0,78.0,250.0,,,,,,,,,,,,,,,,,,,,,,,,,
856,115,62,86.0,250,17.0,14.0,6.0,,,,,,,,,,,,,,,,,,,,,,,,,
857,95,112,250.0,69,53.0,114.0,33.0,,,,,,,,,,,,,,,,,,,,,,,,,
858,29,89,250.0,250,87.0,10.0,22.0,,,,,,,,,,,,,,,,,,,,,,,,,
859,104,81,87.0,208,250.0,13.0,29.0,,,,,,,,,,,,,,,,,,,,,,,,,
860,70,51,152.0,152,31.0,71.0,24.0,,,,,,,,,,,,,,,,,,,,,,,,,
861,62,23,250.0,238,57.0,32.0,31.0,,,,,,,,,,,,,,,,,,,,,,,,,
862,60,43,37.0,250,67.0,34.0,250.0,,,,,,,,,,,,,,,,,,,,,,,,,
863,28,19,34.0,65,71.0,26.0,114.0,,,,,,,,,,,,,,,,,,,,,,,,,
864,50,32,220.0,199,60.0,250.0,67.0,,,,,,,,,,,,,,,,,,,,,,,,,
865,23,250,67.0,75,79.0,42.0,111.0,,,,,,,,,,,,,,,,,,,,,,,,,
866,23,125,125.0,53,54.0,29.0,237.0,,,,,,,,,,,,,,,,,,,,,,,,,
867,20,9,44.0,3,62.0,61.0,105.0,,,,,,,,,,,,,,,,,,,,,,,,,
868,74,70,139.0,21,37.0,32.0,141.0,,,,,,,,,,,,,,,,,,,,,,,,,
869,9,62,42.0,25,14.0,171.0,216.0,,,,,,,,,,,,,,,,,,,,,,,,,
870,41,113,91.0,56,21.0,23.0,250.0,,,,,,,,,,,,,,,,,,,,,,,,,
871,65,128,42.0,250,56.0,7.0,250.0,,,,,,,,,,,,,,,,,,,,,,,,,
872,62,55,250.0,75,32.0,21.0,250.0,,,,,,,,,,,,,,,,,,,,,,,,,
873,52,250,19.0,71,7.0,31.0,24.0,,,,,,,,,,,,,,,,,,,,,,,,,
874,22,145,32.0,42,106.0,11.0,118.0,,,,,,,,,,,,,,,,,,,,,,,,,
875,44,59,250.0,70,77.0,85.0,214.0,,,,,,,,,,,,,,,,,,,,,,,,,
876,23,74,250.0,120,65.0,45.0,250.0,,,,,,,,,,,,,,,,,,,,,,,,,
877,40,67,78.0,159,36.0,38.0,250.0,,,,,,,,,,,,,,,,,,,,,,,,,
878,24,21,1.0,250,25.0,24.0,50.0,,,,,,,,,,,,,,,,,,,,,,,,,
879,28,24,201.0,19,21.0,25.0,250.0,,,,,,,,,,,,,,,,,,,,,,,,,
880,84,63,250.0,250,88.0,18.0,153.0,,,,,,,,,,,,,,,,,,,,,,,,,
881,44,34,250.0,70,90.0,92.0,166.0,,,,,,,,,,,,,,,,,,,,,,,,,
882,45,229,196.0,78,42.0,80.0,77.0,,,,,,,,,,,,,,,,,,,,,,,,,
883,94,59,103.0,38,112.0,121.0,228.0,,,,,,,,,,,,,,,,,,,,,,,,,
884,90,49,34.0,198,89.0,96.0,87.0,,,,,,,,,,,,,,,,,,,,,,,,,
885,17,61,45.0,250,24.0,34.0,47.0,,,,,,,,,,,,,,,,,,,,,,,,,
886,95,130,9.0,250,250.0,13.0,50.0,,,,,,,,,,,,,,,,,,,,,,,,,
887,32,38,33.0,250,32.0,21.0,14.0,,,,,,,,,,,,,,,,,,,,,,,,,
888,56,144,14.0,250,80.0,181.0,24.0,,,,,,,,,,,,,,,,,,,,,,,,,
889,40,241,78.0,250,30.0,40.0,250.0,,,,,,,,,,,,,,,,,,,,,,,,,
890,21,103,20.0,250,61.0,77.0,53.0,,,,,,,,,,,,,,,,,,,,,,,,,
891,92,194,69.0,91,37.0,19.0,250.0,,,,,,,,,,,,,,,,,,,,,,,,,
892,49,107,250.0,44,128.0,111.0,45.0,,,,,,,,,,,,,,,,,,,,,,,,,
893,60,28,73.0,23,16.0,14.0,28.0,,,,,,,,,,,,,,,,,,,,,,,,,
894,106,29,115.0,195,41.0,83.0,216.0,,,,,,,,,,,,,,,,,,,,,,,,,
895,80,35,123.0,18,11.0,47.0,19.0,,,,,,,,,,,,,,,,,,,,,,,,,
896,48,29,43.0,69,46.0,92.0,228.0,,,,,,,,,,,,,,,,,,,,,,,,,
897,50,9,217.0,14,85.0,98.0,120.0,,,,,,,,,,,,,,,,,,,,,,,,,
898,24,10,250.0,250,52.0,49.0,250.0,,,,,,,,,,,,,,,,,,,,,,,,,
899,68,82,223.0,250,54.0,250.0,24.0,,,,,,,,,,,,,,,,,,,,,,,,,
900,36,27,21.0,250,74.0,11.0,41.0,,,,,,,,,,,,,,,,,,,,,,,,,
901,91,11,250.0,119,40.0,28.0,53.0,,,,,,,,,,,,,,,,,,,,,,,,,
902,24,103,250.0,250,121.0,250.0,69.0,,,,,,,,,,,,,,,,,,,,,,,,,
903,70,104,10.0,48,28.0,104.0,216.0,,,,,,,,,,,,,,,,,,,,,,,,,
904,57,250,228.0,250,33.0,142.0,171.0,,,,,,,,,,,,,,,,,,,,,,,,,
905,9,43,125.0,236,17.0,218.0,250.0,,,,,,,,,,,,,,,,,,,,,,,,,
906,250,52,250.0,114,16.0,42.0,153.0,,,,,,,,,,,,,,,,,,,,,,,,,
907,153,94,22.0,20,38.0,39.0,52.0,,,,,,,,,,,,,,,,,,,,,,,,,
908,30,129,96.0,29,131.0,27.0,111.0,,,,,,,,,,,,,,,,,,,,,,,,,
909,44,24,130.0,24,64.0,33.0,250.0,,,,,,,,,,,,,,,,,,,,,,,,,
910,116,15,150.0,17,50.0,33.0,250.0,,,,,,,,,,,,,,,,,,,,,,,,,
911,63,66,250.0,250,34.0,35.0,171.0,,,,,,,,,,,,,,,,,,,,,,,,,
912,54,77,250.0,10,11.0,33.0,67.0,,,,,,,,,,,,,,,,,,,,,,,,,
913,36,250,84.0,58,88.0,57.0,168.0,,,,,,,,,,,,,,,,,,,,,,,,,
914,37,37,19.0,32,61.0,7.0,34.0,,,,,,,,,,,,,,,,,,,,,,,,,
915,250,35,12.0,221,56.0,56.0,237.0,,,,,,,,,,,,,,,,,,,,,,,,,
916,29,10,250.0,46,58.0,11.0,31.0,,,,,,,,,,,,,,,,,,,,,,,,,
917,28,43,26.0,29,111.0,18.0,168.0,,,,,,,,,,,,,,,,,,,,,,,,,
918,74,48,20.0,191,59.0,94.0,53.0,,,,,,,,,,,,,,,,,,,,,,,,,
919,19,137,250.0,114,34.0,12.0,69.0,,,,,,,,,,,,,,,,,,,,,,,,,
920,20,26,195.0,43,59.0,193.0,14.0,,,,,,,,,,,,,,,,,,,,,,,,,
921,96,54,9.0,191,49.0,137.0,22.0,,,,,,,,,,,,,,,,,,,,,,,,,
922,250,19,14.0,37,53.0,50.0,34.0,,,,,,,,,,,,,,,,,,,,,,,,,
923,22,51,250.0,19,77.0,159.0,250.0,,,,,,,,,,,,,,,,,,,,,,,,,
924,55,60,76.0,35,84.0,49.0,44.0,,,,,,,,,,,,,,,,,,,,,,,,,
925,73,136,164.0,41,11.0,52.0,69.0,,,,,,,,,,,,,,,,,,,,,,,,,
926,65,12,50.0,133,82.0,103.0,250.0,,,,,,,,,,,,,,,,,,,,,,,,,
927,94,141,104.0,24,250.0,79.0,39.0,,,,,,,,,,,,,,,,,,,,,,,,,
928,48,76,16.0,99,36.0,106.0,86.0,,,,,,,,,,,,,,,,,,,,,,,,,
929,31,96,62.0,16,110.0,88.0,28.0,,,,,,,,,,,,,,,,,,,,,,,,,
930,37,61,250.0,31,32.0,29.0,114.0,,,,,,,,,,,,,,,,,,,,,,,,,
931,19,29,22.0,28,12.0,44.0,66.0,,,,,,,,,,,,,,,,,,,,,,,,,
932,126,39,250.0,79,30.0,33.0,250.0,,,,,,,,,,,,,,,,,,,,,,,,,
933,48,32,46.0,14,62.0,21.0,14.0,,,,,,,,,,,,,,,,,,,,,,,,,
934,21,24,183.0,77,26.0,45.0,250.0,,,,,,,,,,,,,,,,,,,,,,,,,
935,89,51,85.0,250,18.0,12.0,16.0,,,,,,,,,,,,,,,,,,,,,,,,,
936,23,51,126.0,178,34.0,6.0,20.0,,,,,,,,,,,,,,,,,,,,,,,,,
937,28,56,22.0,1,36.0,49.0,20.0,,,,,,,,,,,,,,,,,,,,,,,,,
938,76,134,7.0,38,250.0,14.0,87.0,,,,,,,,,,,,,,,,,,,,,,,,,
939,34,53,19.0,250,250.0,42.0,10.0,,,,,,,,,,,,,,,,,,,,,,,,,
940,25,33,125.0,90,47.0,82.0,52.0,,,,,,,,,,,,,,,,,,,,,,,,,
941,21,8,34.0,250,63.0,53.0,33.0,,,,,,,,,,,,,,,,,,,,,,,,,
942,41,79,131.0,153,77.0,39.0,250.0,,,,,,,,,,,,,,,,,,,,,,,,,
943,21,32,250.0,57,35.0,36.0,82.0,,,,,,,,,,,,,,,,,,,,,,,,,
944,13,34,123.0,24,115.0,85.0,105.0,,,,,,,,,,,,,,,,,,,,,,,,,
945,52,38,35.0,23,21.0,181.0,19.0,,,,,,,,,,,,,,,,,,,,,,,,,
946,9,49,14.0,229,34.0,70.0,120.0,,,,,,,,,,,,,,,,,,,,,,,,,
947,7,91,79.0,250,96.0,51.0,228.0,,,,,,,,,,,,,,,,,,,,,,,,,
948,165,85,250.0,26,95.0,18.0,171.0,,,,,,,,,,,,,,,,,,,,,,,,,
949,27,63,250.0,250,9.0,87.0,214.0,,,,,,,,,,,,,,,,,,,,,,,,,
950,45,170,250.0,123,48.0,6.0,250.0,,,,,,,,,,,,,,,,,,,,,,,,,
951,250,37,87.0,190,21.0,68.0,214.0,,,,,,,,,,,,,,,,,,,,,,,,,
952,60,31,237.0,13,14.0,30.0,88.0,,,,,,,,,,,,,,,,,,,,,,,,,
953,49,120,30.0,91,22.0,23.0,39.0,,,,,,,,,,,,,,,,,,,,,,,,,
954,176,46,72.0,54,250.0,32.0,6.0,,,,,,,,,,,,,,,,,,,,,,,,,
955,46,16,250.0,30,31.0,29.0,171.0,,,,,,,,,,,,,,,,,,,,,,,,,
956,18,63,204.0,250,97.0,60.0,27.0,,,,,,,,,,,,,,,,,,,,,,,,,
957,20,29,79.0,13,60.0,34.0,171.0,,,,,,,,,,,,,,,,,,,,,,,,,
958,91,85,117.0,29,63.0,234.0,171.0,,,,,,,,,,,,,,,,,,,,,,,,,
959,74,109,113.0,21,250.0,11.0,250.0,,,,,,,,,,,,,,,,,,,,,,,,,
960,66,12,142.0,39,22.0,64.0,69.0,,,,,,,,,,,,,,,,,,,,,,,,,
961,22,53,24.0,104,108.0,49.0,141.0,,,,,,,,,,,,,,,,,,,,,,,,,
962,26,2,250.0,241,16.0,48.0,250.0,,,,,,,,,,,,,,,,,,,,,,,,,
963,147,130,250.0,6,39.0,15.0,39.0,,,,,,,,,,,,,,,,,,,,,,,,,
964,29,48,250.0,45,60.0,33.0,212.0,,,,,,,,,,,,,,,,,,,,,,,,,
965,51,193,250.0,250,20.0,55.0,66.0,,,,,,,,,,,,,,,,,,,,,,,,,
966,32,16,138.0,224,17.0,80.0,41.0,,,,,,,,,,,,,,,,,,,,,,,,,
967,72,46,250.0,250,16.0,42.0,82.0,,,,,,,,,,,,,,,,,,,,,,,,,
968,62,24,28.0,250,29.0,78.0,99.0,,,,,,,,,,,,,,,,,,,,,,,,,
969,25,51,143.0,52,29.0,24.0,78.0,,,,,,,,,,,,,,,,,,,,,,,,,
970,33,36,92.0,250,20.0,70.0,250.0,,,,,,,,,,,,,,,,,,,,,,,,,
971,26,40,6.0,13,18.0,74.0,85.0,,,,,,,,,,,,,,,,,,,,,,,,,
972,57,91,93.0,39,32.0,95.0,35.0,,,,,,,,,,,,,,,,,,,,,,,,,
973,65,24,17.0,192,60.0,40.0,33.0,,,,,,,,,,,,,,,,,,,,,,,,,
974,87,52,250.0,21,41.0,189.0,250.0,,,,,,,,,,,,,,,,,,,,,,,,,
975,29,24,29.0,10,17.0,17.0,14.0,,,,,,,,,,,,,,,,,,,,,,,,,
976,28,178,250.0,17,47.0,84.0,214.0,,,,,,,,,,,,,,,,,,,,,,,,,
977,43,40,25.0,36,27.0,24.0,168.0,,,,,,,,,,,,,,,,,,,,,,,,,
978,9,9,23.0,11,53.0,13.0,24.0,,,,,,,,,,,,,,,,,,,,,,,,,
979,19,171,14.0,250,186.0,88.0,250.0,,,,,,,,,,,,,,,,,,,,,,,,,
980,40,27,62.0,26,43.0,20.0,19.0,,,,,,,,,,,,,,,,,,,,,,,,,
981,136,65,36.0,32,17.0,111.0,71.0,,,,,,,,,,,,,,,,,,,,,,,,,
982,142,16,44.0,61,91.0,65.0,250.0,,,,,,,,,,,,,,,,,,,,,,,,,
983,43,39,250.0,53,79.0,29.0,250.0,,,,,,,,,,,,,,,,,,,,,,,,,
984,45,152,250.0,209,45.0,34.0,45.0,,,,,,,,,,,,,,,,,,,,,,,,,
985,69,39,250.0,40,14.0,42.0,70.0,,,,,,,,,,,,,,,,,,,,,,,,,
986,27,115,9.0,177,35.0,67.0,168.0,,,,,,,,,,,,,,,,,,,,,,,,,
987,52,41,74.0,250,70.0,83.0,37.0,,,,,,,,,,,,,,,,,,,,,,,,,
988,51,228,64.0,250,14.0,2.0,190.0,,,,,,,,,,,,,,,,,,,,,,,,,
989,23,16,20.0,54,18.0,59.0,35.0,,,,,,,,,,,,,,,,,,,,,,,,,
990,29,17,16.0,108,212.0,28.0,21.0,,,,,,,,,,,,,,,,,,,,,,,,,
991,46,107,45.0,250,34.0,42.0,190.0,,,,,,,,,,,,,,,,,,,,,,,,,
992,22,36,31.0,250,250.0,88.0,37.0,,,,,,,,,,,,,,,,,,,,,,,,,
993,67,59,37.0,150,40.0,135.0,35.0,,,,,,,,,,,,,,,,,,,,,,,,,
994,101,110,179.0,250,69.0,24.0,250.0,,,,,,,,,,,,,,,,,,,,,,,,,
995,42,69,60.0,37,141.0,65.0,118.0,,,,,,,,,,,,,,,,,,,,,,,,,
996,84,17,210.0,230,60.0,75.0,250.0,,,,,,,,,,,,,,,,,,,,,,,,,
997,128,63,15.0,76,30.0,250.0,19.0,,,,,,,,,,,,,,,,,,,,,,,,,
998,18,23,,139,,,24.0,,,,,,,,,,,,,,,,,,,,,,,,,
999,26,37,,118,,,,,,,,,,,,,,,,,,,,,,,,,,,,
